timestamp_ms,pass_id,row_index,x_m,y_m,selected_model,domain_status,strategy_opening_mm,target_speed_r_min,status
0,1,1,0.0,0.0,inverse_KAN,in_domain,20.0,27.220338821411133,ok
0,1,2,0.0,0.6,inverse_KAN,in_domain,20.0,27.220338821411133,ok
0,1,3,0.0,1.2,inverse_KAN,in_domain,20.0,27.220338821411133,ok
0,1,4,0.0,1.8,inverse_KAN,in_domain,20.0,27.220338821411133,ok
0,1,5,0.0,2.4,inverse_KAN,in_domain,20.0,27.220338821411133,ok
0,1,6,0.0,3.0,inverse_KAN,in_domain,20.0,27.220338821411133,ok
200,1,1,0.33333333333333337,0.0,inverse_KAN,in_domain,20.0,27.220338821411133,ok
200,1,2,0.33333333333333337,0.6,inverse_KAN,in_domain,20.0,27.220338821411133,ok
200,1,3,0.33333333333333337,1.2,inverse_KAN,in_domain,20.0,27.220338821411133,ok
200,1,4,0.33333333333333337,1.8,inverse_KAN,in_domain,20.0,27.220338821411133,ok
200,1,5,0.33333333333333337,2.4,inverse_KAN,in_domain,20.0,27.220338821411133,ok
200,1,6,0.33333333333333337,3.0,inverse_KAN,in_domain,20.0,27.220338821411133,ok
400,1,1,0.6666666666666667,0.0,inverse_KAN,in_domain,20.0,27.220338821411133,ok
400,1,2,0.6666666666666667,0.6,inverse_KAN,in_domain,20.0,27.220338821411133,ok
400,1,3,0.6666666666666667,1.2,inverse_KAN,in_domain,20.0,27.220338821411133,ok
400,1,4,0.6666666666666667,1.8,inverse_KAN,in_domain,20.0,27.220338821411133,ok
400,1,5,0.6666666666666667,2.4,inverse_KAN,in_domain,20.0,27.220338821411133,ok
400,1,6,0.6666666666666667,3.0,inverse_KAN,in_domain,20.0,27.220338821411133,ok
600,1,1,1.0,0.0,inverse_KAN,in_domain,20.0,27.220338821411133,ok
600,1,2,1.0,0.6,inverse_KAN,in_domain,20.0,27.220338821411133,ok
600,1,3,1.0,1.2,inverse_KAN,in_domain,20.0,27.220338821411133,ok
600,1,4,1.0,1.8,inverse_KAN,in_domain,20.0,27.220338821411133,ok
600,1,5,1.0,2.4,inverse_KAN,in_domain,20.0,27.220338821411133,ok
600,1,6,1.0,3.0,inverse_KAN,in_domain,20.0,27.220338821411133,ok
800,1,1,1.3333333333333335,0.0,inverse_KAN,in_domain,20.0,27.220338821411133,ok
800,1,2,1.3333333333333335,0.6,inverse_KAN,in_domain,20.0,27.220338821411133,ok
800,1,3,1.3333333333333335,1.2,inverse_KAN,in_domain,20.0,27.220338821411133,ok
800,1,4,1.3333333333333335,1.8,inverse_KAN,in_domain,20.0,27.220338821411133,ok
800,1,5,1.3333333333333335,2.4,inverse_KAN,in_domain,20.0,27.220338821411133,ok
800,1,6,1.3333333333333335,3.0,inverse_KAN,in_domain,20.0,27.220338821411133,ok
1000,1,1,1.666666666666667,0.0,inverse_KAN,in_domain,20.0,27.220338821411133,ok
1000,1,2,1.666666666666667,0.6,inverse_KAN,in_domain,20.0,27.220338821411133,ok
1000,1,3,1.666666666666667,1.2,inverse_KAN,in_domain,20.0,27.220338821411133,ok
1000,1,4,1.666666666666667,1.8,inverse_KAN,in_domain,20.0,27.220338821411133,ok
1000,1,5,1.666666666666667,2.4,inverse_KAN,in_domain,20.0,27.220338821411133,ok
1000,1,6,1.666666666666667,3.0,inverse_KAN,in_domain,20.0,27.220338821411133,ok
1200,1,1,2.0000000000000004,0.0,inverse_KAN,in_domain,20.0,27.220338821411133,ok
1200,1,2,2.0000000000000004,0.6,inverse_KAN,in_domain,20.0,27.220338821411133,ok
1200,1,3,2.0000000000000004,1.2,inverse_KAN,in_domain,20.0,27.220338821411133,ok
1200,1,4,2.0000000000000004,1.8,inverse_KAN,in_domain,20.0,27.220338821411133,ok
1200,1,5,2.0000000000000004,2.4,inverse_KAN,in_domain,20.0,27.220338821411133,ok
1200,1,6,2.0000000000000004,3.0,inverse_KAN,in_domain,20.0,27.220338821411133,ok
1400,1,1,2.333333333333334,0.0,inverse_KAN,in_domain,20.0,27.220338821411133,ok
1400,1,2,2.333333333333334,0.6,inverse_KAN,in_domain,20.0,27.220338821411133,ok
1400,1,3,2.333333333333334,1.2,inverse_KAN,in_domain,20.0,27.220338821411133,ok
1400,1,4,2.333333333333334,1.8,inverse_KAN,in_domain,20.0,27.220338821411133,ok
1400,1,5,2.333333333333334,2.4,inverse_KAN,in_domain,20.0,27.220338821411133,ok
1400,1,6,2.333333333333334,3.0,inverse_KAN,in_domain,20.0,27.220338821411133,ok
1600,1,1,2.6666666666666674,0.0,inverse_KAN,in_domain,20.0,27.220338821411133,ok
1600,1,2,2.6666666666666674,0.6,inverse_KAN,in_domain,20.0,27.220338821411133,ok
1600,1,3,2.6666666666666674,1.2,inverse_KAN,in_domain,20.0,27.220338821411133,ok
1600,1,4,2.6666666666666674,1.8,inverse_KAN,in_domain,20.0,27.220338821411133,ok
1600,1,5,2.6666666666666674,2.4,inverse_KAN,in_domain,20.0,27.220338821411133,ok
1600,1,6,2.6666666666666674,3.0,inverse_KAN,in_domain,20.0,27.220338821411133,ok
1800,1,1,3.000000000000001,0.0,inverse_KAN,in_domain,20.0,27.220338821411133,ok
1800,1,2,3.000000000000001,0.6,inverse_KAN,in_domain,20.0,27.220338821411133,ok
1800,1,3,3.000000000000001,1.2,inverse_KAN,in_domain,20.0,27.220338821411133,ok
1800,1,4,3.000000000000001,1.8,inverse_KAN,in_domain,20.0,27.220338821411133,ok
1800,1,5,3.000000000000001,2.4,inverse_KAN,in_domain,20.0,27.220338821411133,ok
1800,1,6,3.000000000000001,3.0,inverse_KAN,in_domain,20.0,27.220338821411133,ok
2000,1,1,3.3333333333333344,0.0,inverse_KAN,in_domain,20.0,43.91107940673828,ok
2000,1,2,3.3333333333333344,0.6,inverse_KAN,in_domain,20.0,43.91107940673828,ok
2000,1,3,3.3333333333333344,1.2,inverse_KAN,in_domain,20.0,43.91107940673828,ok
2000,1,4,3.3333333333333344,1.8,inverse_KAN,in_domain,20.0,43.91107940673828,ok
2000,1,5,3.3333333333333344,2.4,inverse_KAN,in_domain,20.0,43.91107940673828,ok
2000,1,6,3.3333333333333344,3.0,inverse_KAN,in_domain,20.0,43.91107940673828,ok
2200,1,1,3.666666666666668,0.0,inverse_KAN,in_domain,20.0,43.91107940673828,ok
2200,1,2,3.666666666666668,0.6,inverse_KAN,in_domain,20.0,43.91107940673828,ok
2200,1,3,3.666666666666668,1.2,inverse_KAN,in_domain,20.0,43.91107940673828,ok
2200,1,4,3.666666666666668,1.8,inverse_KAN,in_domain,20.0,43.91107940673828,ok
2200,1,5,3.666666666666668,2.4,inverse_KAN,in_domain,20.0,43.91107940673828,ok
2200,1,6,3.666666666666668,3.0,inverse_KAN,in_domain,20.0,43.91107940673828,ok
2400,1,1,4.000000000000001,0.0,inverse_KAN,in_domain,20.0,43.91107940673828,ok
2400,1,2,4.000000000000001,0.6,inverse_KAN,in_domain,20.0,43.91107940673828,ok
2400,1,3,4.000000000000001,1.2,inverse_KAN,in_domain,20.0,43.91107940673828,ok
2400,1,4,4.000000000000001,1.8,inverse_KAN,in_domain,20.0,43.91107940673828,ok
2400,1,5,4.000000000000001,2.4,inverse_KAN,in_domain,20.0,43.91107940673828,ok
2400,1,6,4.000000000000001,3.0,inverse_KAN,in_domain,20.0,43.91107940673828,ok
2600,1,1,4.333333333333334,0.0,inverse_KAN,in_domain,20.0,43.91107940673828,ok
2600,1,2,4.333333333333334,0.6,inverse_KAN,in_domain,20.0,43.91107940673828,ok
2600,1,3,4.333333333333334,1.2,inverse_KAN,in_domain,20.0,43.91107940673828,ok
2600,1,4,4.333333333333334,1.8,inverse_KAN,in_domain,20.0,43.91107940673828,ok
2600,1,5,4.333333333333334,2.4,inverse_KAN,in_domain,20.0,43.91107940673828,ok
2600,1,6,4.333333333333334,3.0,inverse_KAN,in_domain,20.0,43.91107940673828,ok
2800,1,1,4.666666666666667,0.0,inverse_KAN,in_domain,20.0,43.91107940673828,ok
2800,1,2,4.666666666666667,0.6,inverse_KAN,in_domain,20.0,43.91107940673828,ok
2800,1,3,4.666666666666667,1.2,inverse_KAN,in_domain,20.0,43.91107940673828,ok
2800,1,4,4.666666666666667,1.8,inverse_KAN,in_domain,20.0,43.91107940673828,ok
2800,1,5,4.666666666666667,2.4,inverse_KAN,in_domain,20.0,43.91107940673828,ok
2800,1,6,4.666666666666667,3.0,inverse_KAN,in_domain,20.0,43.91107940673828,ok
3000,1,1,5.0,0.0,inverse_KAN,in_domain,20.0,43.91107940673828,ok
3000,1,2,5.0,0.6,inverse_KAN,in_domain,20.0,43.91107940673828,ok
3000,1,3,5.0,1.2,inverse_KAN,in_domain,20.0,43.91107940673828,ok
3000,1,4,5.0,1.8,inverse_KAN,in_domain,20.0,43.91107940673828,ok
3000,1,5,5.0,2.4,inverse_KAN,in_domain,20.0,43.91107940673828,ok
3000,1,6,5.0,3.0,inverse_KAN,in_domain,20.0,43.91107940673828,ok
3200,1,1,5.333333333333333,0.0,inverse_KAN,in_domain,20.0,43.91107940673828,ok
3200,1,2,5.333333333333333,0.6,inverse_KAN,in_domain,20.0,43.91107940673828,ok
3200,1,3,5.333333333333333,1.2,inverse_KAN,in_domain,20.0,43.91107940673828,ok
3200,1,4,5.333333333333333,1.8,inverse_KAN,in_domain,20.0,43.91107940673828,ok
3200,1,5,5.333333333333333,2.4,inverse_KAN,in_domain,20.0,43.91107940673828,ok
3200,1,6,5.333333333333333,3.0,inverse_KAN,in_domain,20.0,43.91107940673828,ok
3400,1,1,5.666666666666666,0.0,inverse_KAN,in_domain,20.0,43.91107940673828,ok
3400,1,2,5.666666666666666,0.6,inverse_KAN,in_domain,20.0,43.91107940673828,ok
3400,1,3,5.666666666666666,1.2,inverse_KAN,in_domain,20.0,43.91107940673828,ok
3400,1,4,5.666666666666666,1.8,inverse_KAN,in_domain,20.0,43.91107940673828,ok
3400,1,5,5.666666666666666,2.4,inverse_KAN,in_domain,20.0,43.91107940673828,ok
3400,1,6,5.666666666666666,3.0,inverse_KAN,in_domain,20.0,43.91107940673828,ok
3600,1,1,5.999999999999999,0.0,inverse_KAN,in_domain,20.0,43.91107940673828,ok
3600,1,2,5.999999999999999,0.6,inverse_KAN,in_domain,20.0,43.91107940673828,ok
3600,1,3,5.999999999999999,1.2,inverse_KAN,in_domain,20.0,43.91107940673828,ok
3600,1,4,5.999999999999999,1.8,inverse_KAN,in_domain,20.0,43.91107940673828,ok
3600,1,5,5.999999999999999,2.4,inverse_KAN,in_domain,20.0,43.91107940673828,ok
3600,1,6,5.999999999999999,3.0,inverse_KAN,in_domain,20.0,43.91107940673828,ok
3800,1,1,6.333333333333332,0.0,inverse_KAN,in_domain,35.0,38.260581970214844,ok
3800,1,2,6.333333333333332,0.6,inverse_KAN,in_domain,35.0,38.260581970214844,ok
3800,1,3,6.333333333333332,1.2,inverse_KAN,in_domain,35.0,38.260581970214844,ok
3800,1,4,6.333333333333332,1.8,inverse_KAN,in_domain,35.0,38.260581970214844,ok
3800,1,5,6.333333333333332,2.4,inverse_KAN,in_domain,35.0,38.260581970214844,ok
3800,1,6,6.333333333333332,3.0,inverse_KAN,in_domain,35.0,38.260581970214844,ok
4000,1,1,6.666666666666665,0.0,inverse_KAN,in_domain,35.0,38.260581970214844,ok
4000,1,2,6.666666666666665,0.6,inverse_KAN,in_domain,35.0,38.260581970214844,ok
4000,1,3,6.666666666666665,1.2,inverse_KAN,in_domain,35.0,38.260581970214844,ok
4000,1,4,6.666666666666665,1.8,inverse_KAN,in_domain,35.0,38.260581970214844,ok
4000,1,5,6.666666666666665,2.4,inverse_KAN,in_domain,35.0,38.260581970214844,ok
4000,1,6,6.666666666666665,3.0,inverse_KAN,in_domain,35.0,38.260581970214844,ok
4200,1,1,6.999999999999998,0.0,inverse_KAN,in_domain,35.0,38.260581970214844,ok
4200,1,2,6.999999999999998,0.6,inverse_KAN,in_domain,35.0,38.260581970214844,ok
4200,1,3,6.999999999999998,1.2,inverse_KAN,in_domain,35.0,38.260581970214844,ok
4200,1,4,6.999999999999998,1.8,inverse_KAN,in_domain,35.0,38.260581970214844,ok
4200,1,5,6.999999999999998,2.4,inverse_KAN,in_domain,35.0,38.260581970214844,ok
4200,1,6,6.999999999999998,3.0,inverse_KAN,in_domain,35.0,38.260581970214844,ok
4400,1,1,7.333333333333331,0.0,inverse_KAN,in_domain,35.0,38.260581970214844,ok
4400,1,2,7.333333333333331,0.6,inverse_KAN,in_domain,35.0,38.260581970214844,ok
4400,1,3,7.333333333333331,1.2,inverse_KAN,in_domain,35.0,38.260581970214844,ok
4400,1,4,7.333333333333331,1.8,inverse_KAN,in_domain,35.0,38.260581970214844,ok
4400,1,5,7.333333333333331,2.4,inverse_KAN,in_domain,35.0,38.260581970214844,ok
4400,1,6,7.333333333333331,3.0,inverse_KAN,in_domain,35.0,38.260581970214844,ok
4600,1,1,7.666666666666664,0.0,inverse_KAN,in_domain,35.0,38.260581970214844,ok
4600,1,2,7.666666666666664,0.6,inverse_KAN,in_domain,35.0,38.260581970214844,ok
4600,1,3,7.666666666666664,1.2,inverse_KAN,in_domain,35.0,38.260581970214844,ok
4600,1,4,7.666666666666664,1.8,inverse_KAN,in_domain,35.0,38.260581970214844,ok
4600,1,5,7.666666666666664,2.4,inverse_KAN,in_domain,35.0,38.260581970214844,ok
4600,1,6,7.666666666666664,3.0,inverse_KAN,in_domain,35.0,38.260581970214844,ok
4800,1,1,7.999999999999997,0.0,inverse_KAN,in_domain,35.0,38.260581970214844,ok
4800,1,2,7.999999999999997,0.6,inverse_KAN,in_domain,35.0,38.260581970214844,ok
4800,1,3,7.999999999999997,1.2,inverse_KAN,in_domain,35.0,38.260581970214844,ok
4800,1,4,7.999999999999997,1.8,inverse_KAN,in_domain,35.0,38.260581970214844,ok
4800,1,5,7.999999999999997,2.4,inverse_KAN,in_domain,35.0,38.260581970214844,ok
4800,1,6,7.999999999999997,3.0,inverse_KAN,in_domain,35.0,38.260581970214844,ok
5000,1,1,8.33333333333333,0.0,inverse_KAN,in_domain,35.0,38.260581970214844,ok
5000,1,2,8.33333333333333,0.6,inverse_KAN,in_domain,35.0,38.260581970214844,ok
5000,1,3,8.33333333333333,1.2,inverse_KAN,in_domain,35.0,38.260581970214844,ok
5000,1,4,8.33333333333333,1.8,inverse_KAN,in_domain,35.0,38.260581970214844,ok
5000,1,5,8.33333333333333,2.4,inverse_KAN,in_domain,35.0,38.260581970214844,ok
5000,1,6,8.33333333333333,3.0,inverse_KAN,in_domain,35.0,38.260581970214844,ok
5200,1,1,8.666666666666664,0.0,inverse_KAN,in_domain,35.0,38.260581970214844,ok
5200,1,2,8.666666666666664,0.6,inverse_KAN,in_domain,35.0,38.260581970214844,ok
5200,1,3,8.666666666666664,1.2,inverse_KAN,in_domain,35.0,38.260581970214844,ok
5200,1,4,8.666666666666664,1.8,inverse_KAN,in_domain,35.0,38.260581970214844,ok
5200,1,5,8.666666666666664,2.4,inverse_KAN,in_domain,35.0,38.260581970214844,ok
5200,1,6,8.666666666666664,3.0,inverse_KAN,in_domain,35.0,38.260581970214844,ok
5400,1,1,8.999999999999998,0.0,inverse_KAN,in_domain,35.0,38.260581970214844,ok
5400,1,2,8.999999999999998,0.6,inverse_KAN,in_domain,35.0,38.260581970214844,ok
5400,1,3,8.999999999999998,1.2,inverse_KAN,in_domain,35.0,38.260581970214844,ok
5400,1,4,8.999999999999998,1.8,inverse_KAN,in_domain,35.0,38.260581970214844,ok
5400,1,5,8.999999999999998,2.4,inverse_KAN,in_domain,35.0,38.260581970214844,ok
5400,1,6,8.999999999999998,3.0,inverse_KAN,in_domain,35.0,38.260581970214844,ok
5600,1,1,9.333333333333332,0.0,inverse_KAN,in_domain,35.0,53.05290603637695,ok
5600,1,2,9.333333333333332,0.6,inverse_KAN,in_domain,35.0,53.05290603637695,ok
5600,1,3,9.333333333333332,1.2,inverse_KAN,in_domain,35.0,53.05290603637695,ok
5600,1,4,9.333333333333332,1.8,inverse_KAN,in_domain,35.0,53.05290603637695,ok
5600,1,5,9.333333333333332,2.4,inverse_KAN,in_domain,35.0,53.05290603637695,ok
5600,1,6,9.333333333333332,3.0,inverse_KAN,in_domain,35.0,53.05290603637695,ok
5800,1,1,9.666666666666666,0.0,inverse_KAN,in_domain,35.0,53.05290603637695,ok
5800,1,2,9.666666666666666,0.6,inverse_KAN,in_domain,35.0,53.05290603637695,ok
5800,1,3,9.666666666666666,1.2,inverse_KAN,in_domain,35.0,53.05290603637695,ok
5800,1,4,9.666666666666666,1.8,inverse_KAN,in_domain,35.0,53.05290603637695,ok
5800,1,5,9.666666666666666,2.4,inverse_KAN,in_domain,35.0,53.05290603637695,ok
5800,1,6,9.666666666666666,3.0,inverse_KAN,in_domain,35.0,53.05290603637695,ok
6000,1,1,10.0,0.0,inverse_KAN,in_domain,35.0,53.05290603637695,ok
6000,1,2,10.0,0.6,inverse_KAN,in_domain,35.0,53.05290603637695,ok
6000,1,3,10.0,1.2,inverse_KAN,in_domain,35.0,53.05290603637695,ok
6000,1,4,10.0,1.8,inverse_KAN,in_domain,35.0,53.05290603637695,ok
6000,1,5,10.0,2.4,inverse_KAN,in_domain,35.0,53.05290603637695,ok
6000,1,6,10.0,3.0,inverse_KAN,in_domain,35.0,53.05290603637695,ok
6200,1,1,10.333333333333334,0.0,inverse_KAN,in_domain,35.0,53.05290603637695,ok
6200,1,2,10.333333333333334,0.6,inverse_KAN,in_domain,35.0,53.05290603637695,ok
6200,1,3,10.333333333333334,1.2,inverse_KAN,in_domain,35.0,53.05290603637695,ok
6200,1,4,10.333333333333334,1.8,inverse_KAN,in_domain,35.0,53.05290603637695,ok
6200,1,5,10.333333333333334,2.4,inverse_KAN,in_domain,35.0,53.05290603637695,ok
6200,1,6,10.333333333333334,3.0,inverse_KAN,in_domain,35.0,53.05290603637695,ok
6400,1,1,10.666666666666668,0.0,inverse_KAN,in_domain,35.0,53.05290603637695,ok
6400,1,2,10.666666666666668,0.6,inverse_KAN,in_domain,35.0,53.05290603637695,ok
6400,1,3,10.666666666666668,1.2,inverse_KAN,in_domain,35.0,53.05290603637695,ok
6400,1,4,10.666666666666668,1.8,inverse_KAN,in_domain,35.0,53.05290603637695,ok
6400,1,5,10.666666666666668,2.4,inverse_KAN,in_domain,35.0,53.05290603637695,ok
6400,1,6,10.666666666666668,3.0,inverse_KAN,in_domain,35.0,53.05290603637695,ok
6600,1,1,11.000000000000002,0.0,inverse_KAN,in_domain,35.0,53.05290603637695,ok
6600,1,2,11.000000000000002,0.6,inverse_KAN,in_domain,35.0,53.05290603637695,ok
6600,1,3,11.000000000000002,1.2,inverse_KAN,in_domain,35.0,53.05290603637695,ok
6600,1,4,11.000000000000002,1.8,inverse_KAN,in_domain,35.0,53.05290603637695,ok
6600,1,5,11.000000000000002,2.4,inverse_KAN,in_domain,35.0,53.05290603637695,ok
6600,1,6,11.000000000000002,3.0,inverse_KAN,in_domain,35.0,53.05290603637695,ok
6800,1,1,11.333333333333336,0.0,inverse_KAN,in_domain,35.0,53.05290603637695,ok
6800,1,2,11.333333333333336,0.6,inverse_KAN,in_domain,35.0,53.05290603637695,ok
6800,1,3,11.333333333333336,1.2,inverse_KAN,in_domain,35.0,53.05290603637695,ok
6800,1,4,11.333333333333336,1.8,inverse_KAN,in_domain,35.0,53.05290603637695,ok
6800,1,5,11.333333333333336,2.4,inverse_KAN,in_domain,35.0,53.05290603637695,ok
6800,1,6,11.333333333333336,3.0,inverse_KAN,in_domain,35.0,53.05290603637695,ok
7000,1,1,11.66666666666667,0.0,inverse_KAN,in_domain,35.0,53.05290603637695,ok
7000,1,2,11.66666666666667,0.6,inverse_KAN,in_domain,35.0,53.05290603637695,ok
7000,1,3,11.66666666666667,1.2,inverse_KAN,in_domain,35.0,53.05290603637695,ok
7000,1,4,11.66666666666667,1.8,inverse_KAN,in_domain,35.0,53.05290603637695,ok
7000,1,5,11.66666666666667,2.4,inverse_KAN,in_domain,35.0,53.05290603637695,ok
7000,1,6,11.66666666666667,3.0,inverse_KAN,in_domain,35.0,53.05290603637695,ok
7200,1,1,12.0,0.0,inverse_KAN,in_domain,35.0,53.05290603637695,ok
7200,1,2,12.0,0.6,inverse_KAN,in_domain,35.0,53.05290603637695,ok
7200,1,3,12.0,1.2,inverse_KAN,in_domain,35.0,53.05290603637695,ok
7200,1,4,12.0,1.8,inverse_KAN,in_domain,35.0,53.05290603637695,ok
7200,1,5,12.0,2.4,inverse_KAN,in_domain,35.0,53.05290603637695,ok
7200,1,6,12.0,3.0,inverse_KAN,in_domain,35.0,53.05290603637695,ok
7400,2,1,12.0,3.5999999999999996,inverse_KAN,in_domain,50.0,42.36941909790039,ok
7400,2,2,12.0,4.199999999999999,inverse_KAN,in_domain,50.0,42.36941909790039,ok
7400,2,3,12.0,4.8,inverse_KAN,in_domain,50.0,42.36941909790039,ok
7400,2,4,12.0,5.3999999999999995,inverse_KAN,in_domain,50.0,42.36941909790039,ok
7400,2,5,12.0,6.0,inverse_KAN,in_domain,50.0,42.36941909790039,ok
7400,2,6,12.0,6.6,inverse_KAN,in_domain,50.0,48.51990509033203,ok
7600,2,1,11.666666666666666,3.5999999999999996,inverse_KAN,in_domain,50.0,42.36941909790039,ok
7600,2,2,11.666666666666666,4.199999999999999,inverse_KAN,in_domain,50.0,42.36941909790039,ok
7600,2,3,11.666666666666666,4.8,inverse_KAN,in_domain,50.0,42.36941909790039,ok
7600,2,4,11.666666666666666,5.3999999999999995,inverse_KAN,in_domain,50.0,42.36941909790039,ok
7600,2,5,11.666666666666666,6.0,inverse_KAN,in_domain,50.0,42.36941909790039,ok
7600,2,6,11.666666666666666,6.6,inverse_KAN,in_domain,50.0,48.51990509033203,ok
7800,2,1,11.333333333333332,3.5999999999999996,inverse_KAN,in_domain,50.0,42.36941909790039,ok
7800,2,2,11.333333333333332,4.199999999999999,inverse_KAN,in_domain,50.0,42.36941909790039,ok
7800,2,3,11.333333333333332,4.8,inverse_KAN,in_domain,50.0,42.36941909790039,ok
7800,2,4,11.333333333333332,5.3999999999999995,inverse_KAN,in_domain,50.0,42.36941909790039,ok
7800,2,5,11.333333333333332,6.0,inverse_KAN,in_domain,50.0,42.36941909790039,ok
7800,2,6,11.333333333333332,6.6,inverse_KAN,in_domain,50.0,48.51990509033203,ok
8000,2,1,10.999999999999998,3.5999999999999996,inverse_KAN,in_domain,50.0,42.36941909790039,ok
8000,2,2,10.999999999999998,4.199999999999999,inverse_KAN,in_domain,50.0,42.36941909790039,ok
8000,2,3,10.999999999999998,4.8,inverse_KAN,in_domain,50.0,42.36941909790039,ok
8000,2,4,10.999999999999998,5.3999999999999995,inverse_KAN,in_domain,50.0,42.36941909790039,ok
8000,2,5,10.999999999999998,6.0,inverse_KAN,in_domain,50.0,42.36941909790039,ok
8000,2,6,10.999999999999998,6.6,inverse_KAN,in_domain,50.0,48.51990509033203,ok
8200,2,1,10.666666666666664,3.5999999999999996,inverse_KAN,in_domain,50.0,42.36941909790039,ok
8200,2,2,10.666666666666664,4.199999999999999,inverse_KAN,in_domain,50.0,42.36941909790039,ok
8200,2,3,10.666666666666664,4.8,inverse_KAN,in_domain,50.0,42.36941909790039,ok
8200,2,4,10.666666666666664,5.3999999999999995,inverse_KAN,in_domain,50.0,42.36941909790039,ok
8200,2,5,10.666666666666664,6.0,inverse_KAN,in_domain,50.0,42.36941909790039,ok
8200,2,6,10.666666666666664,6.6,inverse_KAN,in_domain,50.0,48.51990509033203,ok
8400,2,1,10.33333333333333,3.5999999999999996,inverse_KAN,in_domain,50.0,42.36941909790039,ok
8400,2,2,10.33333333333333,4.199999999999999,inverse_KAN,in_domain,50.0,42.36941909790039,ok
8400,2,3,10.33333333333333,4.8,inverse_KAN,in_domain,50.0,42.36941909790039,ok
8400,2,4,10.33333333333333,5.3999999999999995,inverse_KAN,in_domain,50.0,42.36941909790039,ok
8400,2,5,10.33333333333333,6.0,inverse_KAN,in_domain,50.0,42.36941909790039,ok
8400,2,6,10.33333333333333,6.6,inverse_KAN,in_domain,50.0,48.51990509033203,ok
8600,2,1,9.999999999999996,3.5999999999999996,inverse_KAN,in_domain,50.0,42.36941909790039,ok
8600,2,2,9.999999999999996,4.199999999999999,inverse_KAN,in_domain,50.0,42.36941909790039,ok
8600,2,3,9.999999999999996,4.8,inverse_KAN,in_domain,50.0,42.36941909790039,ok
8600,2,4,9.999999999999996,5.3999999999999995,inverse_KAN,in_domain,50.0,42.36941909790039,ok
8600,2,5,9.999999999999996,6.0,inverse_KAN,in_domain,50.0,42.36941909790039,ok
8600,2,6,9.999999999999996,6.6,inverse_KAN,in_domain,50.0,48.51990509033203,ok
8800,2,1,9.666666666666663,3.5999999999999996,inverse_KAN,in_domain,50.0,42.36941909790039,ok
8800,2,2,9.666666666666663,4.199999999999999,inverse_KAN,in_domain,50.0,42.36941909790039,ok
8800,2,3,9.666666666666663,4.8,inverse_KAN,in_domain,50.0,42.36941909790039,ok
8800,2,4,9.666666666666663,5.3999999999999995,inverse_KAN,in_domain,50.0,42.36941909790039,ok
8800,2,5,9.666666666666663,6.0,inverse_KAN,in_domain,50.0,42.36941909790039,ok
8800,2,6,9.666666666666663,6.6,inverse_KAN,in_domain,50.0,48.51990509033203,ok
9000,2,1,9.333333333333329,3.5999999999999996,inverse_KAN,in_domain,50.0,42.36941909790039,ok
9000,2,2,9.333333333333329,4.199999999999999,inverse_KAN,in_domain,50.0,42.36941909790039,ok
9000,2,3,9.333333333333329,4.8,inverse_KAN,in_domain,50.0,42.36941909790039,ok
9000,2,4,9.333333333333329,5.3999999999999995,inverse_KAN,in_domain,50.0,42.36941909790039,ok
9000,2,5,9.333333333333329,6.0,inverse_KAN,in_domain,50.0,42.36941909790039,ok
9000,2,6,9.333333333333329,6.6,inverse_KAN,in_domain,50.0,48.51990509033203,ok
9200,2,1,8.999999999999995,3.5999999999999996,inverse_KAN,in_domain,35.0,46.87677764892578,ok
9200,2,2,8.999999999999995,4.199999999999999,inverse_KAN,in_domain,35.0,46.87677764892578,ok
9200,2,3,8.999999999999995,4.8,inverse_KAN,in_domain,35.0,46.87677764892578,ok
9200,2,4,8.999999999999995,5.3999999999999995,inverse_KAN,in_domain,35.0,46.87677764892578,ok
9200,2,5,8.999999999999995,6.0,inverse_KAN,in_domain,35.0,46.87677764892578,ok
9200,2,6,8.999999999999995,6.6,inverse_KAN,in_domain,50.0,38.875450134277344,ok
9400,2,1,8.66666666666666,3.5999999999999996,inverse_KAN,in_domain,35.0,46.87677764892578,ok
9400,2,2,8.66666666666666,4.199999999999999,inverse_KAN,in_domain,35.0,46.87677764892578,ok
9400,2,3,8.66666666666666,4.8,inverse_KAN,in_domain,35.0,46.87677764892578,ok
9400,2,4,8.66666666666666,5.3999999999999995,inverse_KAN,in_domain,35.0,46.87677764892578,ok
9400,2,5,8.66666666666666,6.0,inverse_KAN,in_domain,35.0,46.87677764892578,ok
9400,2,6,8.66666666666666,6.6,inverse_KAN,in_domain,50.0,38.875450134277344,ok
9600,2,1,8.333333333333327,3.5999999999999996,inverse_KAN,in_domain,35.0,46.87677764892578,ok
9600,2,2,8.333333333333327,4.199999999999999,inverse_KAN,in_domain,35.0,46.87677764892578,ok
9600,2,3,8.333333333333327,4.8,inverse_KAN,in_domain,35.0,46.87677764892578,ok
9600,2,4,8.333333333333327,5.3999999999999995,inverse_KAN,in_domain,35.0,46.87677764892578,ok
9600,2,5,8.333333333333327,6.0,inverse_KAN,in_domain,35.0,46.87677764892578,ok
9600,2,6,8.333333333333327,6.6,inverse_KAN,in_domain,50.0,38.875450134277344,ok
9800,2,1,7.999999999999994,3.5999999999999996,inverse_KAN,in_domain,35.0,46.87677764892578,ok
9800,2,2,7.999999999999994,4.199999999999999,inverse_KAN,in_domain,35.0,46.87677764892578,ok
9800,2,3,7.999999999999994,4.8,inverse_KAN,in_domain,35.0,46.87677764892578,ok
9800,2,4,7.999999999999994,5.3999999999999995,inverse_KAN,in_domain,35.0,46.87677764892578,ok
9800,2,5,7.999999999999994,6.0,inverse_KAN,in_domain,35.0,46.87677764892578,ok
9800,2,6,7.999999999999994,6.6,inverse_KAN,in_domain,50.0,38.875450134277344,ok
10000,2,1,7.666666666666661,3.5999999999999996,inverse_KAN,in_domain,35.0,46.87677764892578,ok
10000,2,2,7.666666666666661,4.199999999999999,inverse_KAN,in_domain,35.0,46.87677764892578,ok
10000,2,3,7.666666666666661,4.8,inverse_KAN,in_domain,35.0,46.87677764892578,ok
10000,2,4,7.666666666666661,5.3999999999999995,inverse_KAN,in_domain,35.0,46.87677764892578,ok
10000,2,5,7.666666666666661,6.0,inverse_KAN,in_domain,35.0,46.87677764892578,ok
10000,2,6,7.666666666666661,6.6,inverse_KAN,in_domain,50.0,38.875450134277344,ok
10200,2,1,7.333333333333328,3.5999999999999996,inverse_KAN,in_domain,35.0,46.87677764892578,ok
10200,2,2,7.333333333333328,4.199999999999999,inverse_KAN,in_domain,35.0,46.87677764892578,ok
10200,2,3,7.333333333333328,4.8,inverse_KAN,in_domain,35.0,46.87677764892578,ok
10200,2,4,7.333333333333328,5.3999999999999995,inverse_KAN,in_domain,35.0,46.87677764892578,ok
10200,2,5,7.333333333333328,6.0,inverse_KAN,in_domain,35.0,46.87677764892578,ok
10200,2,6,7.333333333333328,6.6,inverse_KAN,in_domain,50.0,38.875450134277344,ok
10400,2,1,6.999999999999995,3.5999999999999996,inverse_KAN,in_domain,35.0,46.87677764892578,ok
10400,2,2,6.999999999999995,4.199999999999999,inverse_KAN,in_domain,35.0,46.87677764892578,ok
10400,2,3,6.999999999999995,4.8,inverse_KAN,in_domain,35.0,46.87677764892578,ok
10400,2,4,6.999999999999995,5.3999999999999995,inverse_KAN,in_domain,35.0,46.87677764892578,ok
10400,2,5,6.999999999999995,6.0,inverse_KAN,in_domain,35.0,46.87677764892578,ok
10400,2,6,6.999999999999995,6.6,inverse_KAN,in_domain,50.0,38.875450134277344,ok
10600,2,1,6.666666666666662,3.5999999999999996,inverse_KAN,in_domain,35.0,46.87677764892578,ok
10600,2,2,6.666666666666662,4.199999999999999,inverse_KAN,in_domain,35.0,46.87677764892578,ok
10600,2,3,6.666666666666662,4.8,inverse_KAN,in_domain,35.0,46.87677764892578,ok
10600,2,4,6.666666666666662,5.3999999999999995,inverse_KAN,in_domain,35.0,46.87677764892578,ok
10600,2,5,6.666666666666662,6.0,inverse_KAN,in_domain,35.0,46.87677764892578,ok
10600,2,6,6.666666666666662,6.6,inverse_KAN,in_domain,50.0,38.875450134277344,ok
10800,2,1,6.333333333333329,3.5999999999999996,inverse_KAN,in_domain,35.0,46.87677764892578,ok
10800,2,2,6.333333333333329,4.199999999999999,inverse_KAN,in_domain,35.0,46.87677764892578,ok
10800,2,3,6.333333333333329,4.8,inverse_KAN,in_domain,35.0,46.87677764892578,ok
10800,2,4,6.333333333333329,5.3999999999999995,inverse_KAN,in_domain,35.0,46.87677764892578,ok
10800,2,5,6.333333333333329,6.0,inverse_KAN,in_domain,35.0,46.87677764892578,ok
10800,2,6,6.333333333333329,6.6,inverse_KAN,in_domain,50.0,38.875450134277344,ok
11000,2,1,5.999999999999996,3.5999999999999996,inverse_KAN,in_domain,20.0,54.26265335083008,ok
11000,2,2,5.999999999999996,4.199999999999999,inverse_KAN,in_domain,20.0,54.26265335083008,ok
11000,2,3,5.999999999999996,4.8,inverse_KAN,in_domain,20.0,54.26265335083008,ok
11000,2,4,5.999999999999996,5.3999999999999995,inverse_KAN,in_domain,20.0,54.26265335083008,ok
11000,2,5,5.999999999999996,6.0,inverse_KAN,in_domain,20.0,54.26265335083008,ok
11000,2,6,5.999999999999996,6.6,inverse_KAN,in_domain,35.0,41.96184539794922,ok
11200,2,1,5.6666666666666625,3.5999999999999996,inverse_KAN,in_domain,20.0,54.26265335083008,ok
11200,2,2,5.6666666666666625,4.199999999999999,inverse_KAN,in_domain,20.0,54.26265335083008,ok
11200,2,3,5.6666666666666625,4.8,inverse_KAN,in_domain,20.0,54.26265335083008,ok
11200,2,4,5.6666666666666625,5.3999999999999995,inverse_KAN,in_domain,20.0,54.26265335083008,ok
11200,2,5,5.6666666666666625,6.0,inverse_KAN,in_domain,20.0,54.26265335083008,ok
11200,2,6,5.6666666666666625,6.6,inverse_KAN,in_domain,35.0,41.96184539794922,ok
11400,2,1,5.3333333333333295,3.5999999999999996,inverse_KAN,in_domain,20.0,54.26265335083008,ok
11400,2,2,5.3333333333333295,4.199999999999999,inverse_KAN,in_domain,20.0,54.26265335083008,ok
11400,2,3,5.3333333333333295,4.8,inverse_KAN,in_domain,20.0,54.26265335083008,ok
11400,2,4,5.3333333333333295,5.3999999999999995,inverse_KAN,in_domain,20.0,54.26265335083008,ok
11400,2,5,5.3333333333333295,6.0,inverse_KAN,in_domain,20.0,54.26265335083008,ok
11400,2,6,5.3333333333333295,6.6,inverse_KAN,in_domain,35.0,41.96184539794922,ok
11600,2,1,4.9999999999999964,3.5999999999999996,inverse_KAN,in_domain,20.0,54.26265335083008,ok
11600,2,2,4.9999999999999964,4.199999999999999,inverse_KAN,in_domain,20.0,54.26265335083008,ok
11600,2,3,4.9999999999999964,4.8,inverse_KAN,in_domain,20.0,54.26265335083008,ok
11600,2,4,4.9999999999999964,5.3999999999999995,inverse_KAN,in_domain,20.0,54.26265335083008,ok
11600,2,5,4.9999999999999964,6.0,inverse_KAN,in_domain,20.0,54.26265335083008,ok
11600,2,6,4.9999999999999964,6.6,inverse_KAN,in_domain,35.0,41.96184539794922,ok
11800,2,1,4.666666666666663,3.5999999999999996,inverse_KAN,in_domain,20.0,54.26265335083008,ok
11800,2,2,4.666666666666663,4.199999999999999,inverse_KAN,in_domain,20.0,54.26265335083008,ok
11800,2,3,4.666666666666663,4.8,inverse_KAN,in_domain,20.0,54.26265335083008,ok
11800,2,4,4.666666666666663,5.3999999999999995,inverse_KAN,in_domain,20.0,54.26265335083008,ok
11800,2,5,4.666666666666663,6.0,inverse_KAN,in_domain,20.0,54.26265335083008,ok
11800,2,6,4.666666666666663,6.6,inverse_KAN,in_domain,35.0,41.96184539794922,ok
12000,2,1,4.33333333333333,3.5999999999999996,inverse_KAN,in_domain,20.0,54.26265335083008,ok
12000,2,2,4.33333333333333,4.199999999999999,inverse_KAN,in_domain,20.0,54.26265335083008,ok
12000,2,3,4.33333333333333,4.8,inverse_KAN,in_domain,20.0,54.26265335083008,ok
12000,2,4,4.33333333333333,5.3999999999999995,inverse_KAN,in_domain,20.0,54.26265335083008,ok
12000,2,5,4.33333333333333,6.0,inverse_KAN,in_domain,20.0,54.26265335083008,ok
12000,2,6,4.33333333333333,6.6,inverse_KAN,in_domain,35.0,41.96184539794922,ok
12200,2,1,3.999999999999997,3.5999999999999996,inverse_KAN,in_domain,20.0,54.26265335083008,ok
12200,2,2,3.999999999999997,4.199999999999999,inverse_KAN,in_domain,20.0,54.26265335083008,ok
12200,2,3,3.999999999999997,4.8,inverse_KAN,in_domain,20.0,54.26265335083008,ok
12200,2,4,3.999999999999997,5.3999999999999995,inverse_KAN,in_domain,20.0,54.26265335083008,ok
12200,2,5,3.999999999999997,6.0,inverse_KAN,in_domain,20.0,54.26265335083008,ok
12200,2,6,3.999999999999997,6.6,inverse_KAN,in_domain,35.0,41.96184539794922,ok
12400,2,1,3.6666666666666634,3.5999999999999996,inverse_KAN,in_domain,20.0,54.26265335083008,ok
12400,2,2,3.6666666666666634,4.199999999999999,inverse_KAN,in_domain,20.0,54.26265335083008,ok
12400,2,3,3.6666666666666634,4.8,inverse_KAN,in_domain,20.0,54.26265335083008,ok
12400,2,4,3.6666666666666634,5.3999999999999995,inverse_KAN,in_domain,20.0,54.26265335083008,ok
12400,2,5,3.6666666666666634,6.0,inverse_KAN,in_domain,20.0,54.26265335083008,ok
12400,2,6,3.6666666666666634,6.6,inverse_KAN,in_domain,35.0,41.96184539794922,ok
12600,2,1,3.33333333333333,3.5999999999999996,inverse_KAN,in_domain,20.0,54.26265335083008,ok
12600,2,2,3.33333333333333,4.199999999999999,inverse_KAN,in_domain,20.0,54.26265335083008,ok
12600,2,3,3.33333333333333,4.8,inverse_KAN,in_domain,20.0,54.26265335083008,ok
12600,2,4,3.33333333333333,5.3999999999999995,inverse_KAN,in_domain,20.0,54.26265335083008,ok
12600,2,5,3.33333333333333,6.0,inverse_KAN,in_domain,20.0,54.26265335083008,ok
12600,2,6,3.33333333333333,6.6,inverse_KAN,in_domain,35.0,41.96184539794922,ok
12800,2,1,2.9999999999999964,3.5999999999999996,inverse_KAN,in_domain,20.0,31.381389617919922,ok
12800,2,2,2.9999999999999964,4.199999999999999,inverse_KAN,in_domain,20.0,31.381389617919922,ok
12800,2,3,2.9999999999999964,4.8,inverse_KAN,in_domain,20.0,31.381389617919922,ok
12800,2,4,2.9999999999999964,5.3999999999999995,inverse_KAN,in_domain,20.0,31.381389617919922,ok
12800,2,5,2.9999999999999964,6.0,inverse_KAN,in_domain,20.0,31.381389617919922,ok
12800,2,6,2.9999999999999964,6.6,inverse_KAN,in_domain,20.0,35.56447219848633,ok
13000,2,1,2.666666666666663,3.5999999999999996,inverse_KAN,in_domain,20.0,31.381389617919922,ok
13000,2,2,2.666666666666663,4.199999999999999,inverse_KAN,in_domain,20.0,31.381389617919922,ok
13000,2,3,2.666666666666663,4.8,inverse_KAN,in_domain,20.0,31.381389617919922,ok
13000,2,4,2.666666666666663,5.3999999999999995,inverse_KAN,in_domain,20.0,31.381389617919922,ok
13000,2,5,2.666666666666663,6.0,inverse_KAN,in_domain,20.0,31.381389617919922,ok
13000,2,6,2.666666666666663,6.6,inverse_KAN,in_domain,20.0,35.56447219848633,ok
13200,2,1,2.3333333333333295,3.5999999999999996,inverse_KAN,in_domain,20.0,31.381389617919922,ok
13200,2,2,2.3333333333333295,4.199999999999999,inverse_KAN,in_domain,20.0,31.381389617919922,ok
13200,2,3,2.3333333333333295,4.8,inverse_KAN,in_domain,20.0,31.381389617919922,ok
13200,2,4,2.3333333333333295,5.3999999999999995,inverse_KAN,in_domain,20.0,31.381389617919922,ok
13200,2,5,2.3333333333333295,6.0,inverse_KAN,in_domain,20.0,31.381389617919922,ok
13200,2,6,2.3333333333333295,6.6,inverse_KAN,in_domain,20.0,35.56447219848633,ok
13400,2,1,1.999999999999996,3.5999999999999996,inverse_KAN,in_domain,20.0,31.381389617919922,ok
13400,2,2,1.999999999999996,4.199999999999999,inverse_KAN,in_domain,20.0,31.381389617919922,ok
13400,2,3,1.999999999999996,4.8,inverse_KAN,in_domain,20.0,31.381389617919922,ok
13400,2,4,1.999999999999996,5.3999999999999995,inverse_KAN,in_domain,20.0,31.381389617919922,ok
13400,2,5,1.999999999999996,6.0,inverse_KAN,in_domain,20.0,31.381389617919922,ok
13400,2,6,1.999999999999996,6.6,inverse_KAN,in_domain,20.0,35.56447219848633,ok
13600,2,1,1.6666666666666625,3.5999999999999996,inverse_KAN,in_domain,20.0,31.381389617919922,ok
13600,2,2,1.6666666666666625,4.199999999999999,inverse_KAN,in_domain,20.0,31.381389617919922,ok
13600,2,3,1.6666666666666625,4.8,inverse_KAN,in_domain,20.0,31.381389617919922,ok
13600,2,4,1.6666666666666625,5.3999999999999995,inverse_KAN,in_domain,20.0,31.381389617919922,ok
13600,2,5,1.6666666666666625,6.0,inverse_KAN,in_domain,20.0,31.381389617919922,ok
13600,2,6,1.6666666666666625,6.6,inverse_KAN,in_domain,20.0,35.56447219848633,ok
13800,2,1,1.333333333333329,3.5999999999999996,inverse_KAN,in_domain,20.0,31.381389617919922,ok
13800,2,2,1.333333333333329,4.199999999999999,inverse_KAN,in_domain,20.0,31.381389617919922,ok
13800,2,3,1.333333333333329,4.8,inverse_KAN,in_domain,20.0,31.381389617919922,ok
13800,2,4,1.333333333333329,5.3999999999999995,inverse_KAN,in_domain,20.0,31.381389617919922,ok
13800,2,5,1.333333333333329,6.0,inverse_KAN,in_domain,20.0,31.381389617919922,ok
13800,2,6,1.333333333333329,6.6,inverse_KAN,in_domain,20.0,35.56447219848633,ok
14000,2,1,0.9999999999999957,3.5999999999999996,inverse_KAN,in_domain,20.0,31.381389617919922,ok
14000,2,2,0.9999999999999957,4.199999999999999,inverse_KAN,in_domain,20.0,31.381389617919922,ok
14000,2,3,0.9999999999999957,4.8,inverse_KAN,in_domain,20.0,31.381389617919922,ok
14000,2,4,0.9999999999999957,5.3999999999999995,inverse_KAN,in_domain,20.0,31.381389617919922,ok
14000,2,5,0.9999999999999957,6.0,inverse_KAN,in_domain,20.0,31.381389617919922,ok
14000,2,6,0.9999999999999957,6.6,inverse_KAN,in_domain,20.0,35.56447219848633,ok
14200,2,1,0.6666666666666623,3.5999999999999996,inverse_KAN,in_domain,20.0,31.381389617919922,ok
14200,2,2,0.6666666666666623,4.199999999999999,inverse_KAN,in_domain,20.0,31.381389617919922,ok
14200,2,3,0.6666666666666623,4.8,inverse_KAN,in_domain,20.0,31.381389617919922,ok
14200,2,4,0.6666666666666623,5.3999999999999995,inverse_KAN,in_domain,20.0,31.381389617919922,ok
14200,2,5,0.6666666666666623,6.0,inverse_KAN,in_domain,20.0,31.381389617919922,ok
14200,2,6,0.6666666666666623,6.6,inverse_KAN,in_domain,20.0,35.56447219848633,ok
14400,2,1,0.33333333333332893,3.5999999999999996,inverse_KAN,in_domain,20.0,31.381389617919922,ok
14400,2,2,0.33333333333332893,4.199999999999999,inverse_KAN,in_domain,20.0,31.381389617919922,ok
14400,2,3,0.33333333333332893,4.8,inverse_KAN,in_domain,20.0,31.381389617919922,ok
14400,2,4,0.33333333333332893,5.3999999999999995,inverse_KAN,in_domain,20.0,31.381389617919922,ok
14400,2,5,0.33333333333332893,6.0,inverse_KAN,in_domain,20.0,31.381389617919922,ok
14400,2,6,0.33333333333332893,6.6,inverse_KAN,in_domain,20.0,35.56447219848633,ok
14600,2,1,0.0,3.5999999999999996,inverse_KAN,in_domain,20.0,31.381389617919922,ok
14600,2,2,0.0,4.199999999999999,inverse_KAN,in_domain,20.0,31.381389617919922,ok
14600,2,3,0.0,4.8,inverse_KAN,in_domain,20.0,31.381389617919922,ok
14600,2,4,0.0,5.3999999999999995,inverse_KAN,in_domain,20.0,31.381389617919922,ok
14600,2,5,0.0,6.0,inverse_KAN,in_domain,20.0,31.381389617919922,ok
14600,2,6,0.0,6.6,inverse_KAN,in_domain,20.0,35.56447219848633,ok
14800,3,1,0.0,7.199999999999999,inverse_KAN,in_domain,20.0,35.56447219848633,ok
14800,3,2,0.0,7.799999999999999,inverse_KAN,in_domain,20.0,35.56447219848633,ok
14800,3,3,0.0,8.399999999999999,inverse_KAN,in_domain,20.0,35.56447219848633,ok
14800,3,4,0.0,9.0,inverse_KAN,in_domain,20.0,35.56447219848633,ok
14800,3,5,0.0,9.6,inverse_KAN,in_domain,20.0,43.91107940673828,ok
14800,3,6,0.0,10.2,inverse_KAN,in_domain,20.0,43.91107940673828,ok
15000,3,1,0.33333333333333337,7.199999999999999,inverse_KAN,in_domain,20.0,35.56447219848633,ok
15000,3,2,0.33333333333333337,7.799999999999999,inverse_KAN,in_domain,20.0,35.56447219848633,ok
15000,3,3,0.33333333333333337,8.399999999999999,inverse_KAN,in_domain,20.0,35.56447219848633,ok
15000,3,4,0.33333333333333337,9.0,inverse_KAN,in_domain,20.0,35.56447219848633,ok
15000,3,5,0.33333333333333337,9.6,inverse_KAN,in_domain,20.0,43.91107940673828,ok
15000,3,6,0.33333333333333337,10.2,inverse_KAN,in_domain,20.0,43.91107940673828,ok
15200,3,1,0.6666666666666667,7.199999999999999,inverse_KAN,in_domain,20.0,35.56447219848633,ok
15200,3,2,0.6666666666666667,7.799999999999999,inverse_KAN,in_domain,20.0,35.56447219848633,ok
15200,3,3,0.6666666666666667,8.399999999999999,inverse_KAN,in_domain,20.0,35.56447219848633,ok
15200,3,4,0.6666666666666667,9.0,inverse_KAN,in_domain,20.0,35.56447219848633,ok
15200,3,5,0.6666666666666667,9.6,inverse_KAN,in_domain,20.0,43.91107940673828,ok
15200,3,6,0.6666666666666667,10.2,inverse_KAN,in_domain,20.0,43.91107940673828,ok
15400,3,1,1.0,7.199999999999999,inverse_KAN,in_domain,20.0,35.56447219848633,ok
15400,3,2,1.0,7.799999999999999,inverse_KAN,in_domain,20.0,35.56447219848633,ok
15400,3,3,1.0,8.399999999999999,inverse_KAN,in_domain,20.0,35.56447219848633,ok
15400,3,4,1.0,9.0,inverse_KAN,in_domain,20.0,35.56447219848633,ok
15400,3,5,1.0,9.6,inverse_KAN,in_domain,20.0,43.91107940673828,ok
15400,3,6,1.0,10.2,inverse_KAN,in_domain,20.0,43.91107940673828,ok
15600,3,1,1.3333333333333335,7.199999999999999,inverse_KAN,in_domain,20.0,35.56447219848633,ok
15600,3,2,1.3333333333333335,7.799999999999999,inverse_KAN,in_domain,20.0,35.56447219848633,ok
15600,3,3,1.3333333333333335,8.399999999999999,inverse_KAN,in_domain,20.0,35.56447219848633,ok
15600,3,4,1.3333333333333335,9.0,inverse_KAN,in_domain,20.0,35.56447219848633,ok
15600,3,5,1.3333333333333335,9.6,inverse_KAN,in_domain,20.0,43.91107940673828,ok
15600,3,6,1.3333333333333335,10.2,inverse_KAN,in_domain,20.0,43.91107940673828,ok
15800,3,1,1.666666666666667,7.199999999999999,inverse_KAN,in_domain,20.0,35.56447219848633,ok
15800,3,2,1.666666666666667,7.799999999999999,inverse_KAN,in_domain,20.0,35.56447219848633,ok
15800,3,3,1.666666666666667,8.399999999999999,inverse_KAN,in_domain,20.0,35.56447219848633,ok
15800,3,4,1.666666666666667,9.0,inverse_KAN,in_domain,20.0,35.56447219848633,ok
15800,3,5,1.666666666666667,9.6,inverse_KAN,in_domain,20.0,43.91107940673828,ok
15800,3,6,1.666666666666667,10.2,inverse_KAN,in_domain,20.0,43.91107940673828,ok
16000,3,1,2.0000000000000004,7.199999999999999,inverse_KAN,in_domain,20.0,35.56447219848633,ok
16000,3,2,2.0000000000000004,7.799999999999999,inverse_KAN,in_domain,20.0,35.56447219848633,ok
16000,3,3,2.0000000000000004,8.399999999999999,inverse_KAN,in_domain,20.0,35.56447219848633,ok
16000,3,4,2.0000000000000004,9.0,inverse_KAN,in_domain,20.0,35.56447219848633,ok
16000,3,5,2.0000000000000004,9.6,inverse_KAN,in_domain,20.0,43.91107940673828,ok
16000,3,6,2.0000000000000004,10.2,inverse_KAN,in_domain,20.0,43.91107940673828,ok
16200,3,1,2.333333333333334,7.199999999999999,inverse_KAN,in_domain,20.0,35.56447219848633,ok
16200,3,2,2.333333333333334,7.799999999999999,inverse_KAN,in_domain,20.0,35.56447219848633,ok
16200,3,3,2.333333333333334,8.399999999999999,inverse_KAN,in_domain,20.0,35.56447219848633,ok
16200,3,4,2.333333333333334,9.0,inverse_KAN,in_domain,20.0,35.56447219848633,ok
16200,3,5,2.333333333333334,9.6,inverse_KAN,in_domain,20.0,43.91107940673828,ok
16200,3,6,2.333333333333334,10.2,inverse_KAN,in_domain,20.0,43.91107940673828,ok
16400,3,1,2.6666666666666674,7.199999999999999,inverse_KAN,in_domain,20.0,35.56447219848633,ok
16400,3,2,2.6666666666666674,7.799999999999999,inverse_KAN,in_domain,20.0,35.56447219848633,ok
16400,3,3,2.6666666666666674,8.399999999999999,inverse_KAN,in_domain,20.0,35.56447219848633,ok
16400,3,4,2.6666666666666674,9.0,inverse_KAN,in_domain,20.0,35.56447219848633,ok
16400,3,5,2.6666666666666674,9.6,inverse_KAN,in_domain,20.0,43.91107940673828,ok
16400,3,6,2.6666666666666674,10.2,inverse_KAN,in_domain,20.0,43.91107940673828,ok
16600,3,1,3.000000000000001,7.199999999999999,inverse_KAN,in_domain,20.0,35.56447219848633,ok
16600,3,2,3.000000000000001,7.799999999999999,inverse_KAN,in_domain,20.0,35.56447219848633,ok
16600,3,3,3.000000000000001,8.399999999999999,inverse_KAN,in_domain,20.0,35.56447219848633,ok
16600,3,4,3.000000000000001,9.0,inverse_KAN,in_domain,20.0,35.56447219848633,ok
16600,3,5,3.000000000000001,9.6,inverse_KAN,in_domain,20.0,43.91107940673828,ok
16600,3,6,3.000000000000001,10.2,inverse_KAN,in_domain,20.0,43.91107940673828,ok
16800,3,1,3.3333333333333344,7.199999999999999,inverse_KAN,in_domain,35.0,41.96184539794922,ok
16800,3,2,3.3333333333333344,7.799999999999999,inverse_KAN,in_domain,35.0,41.96184539794922,ok
16800,3,3,3.3333333333333344,8.399999999999999,inverse_KAN,in_domain,35.0,41.96184539794922,ok
16800,3,4,3.3333333333333344,9.0,inverse_KAN,in_domain,35.0,41.96184539794922,ok
16800,3,5,3.3333333333333344,9.6,inverse_KAN,in_domain,35.0,46.87677764892578,ok
16800,3,6,3.3333333333333344,10.2,inverse_KAN,in_domain,35.0,46.87677764892578,ok
17000,3,1,3.666666666666668,7.199999999999999,inverse_KAN,in_domain,35.0,41.96184539794922,ok
17000,3,2,3.666666666666668,7.799999999999999,inverse_KAN,in_domain,35.0,41.96184539794922,ok
17000,3,3,3.666666666666668,8.399999999999999,inverse_KAN,in_domain,35.0,41.96184539794922,ok
17000,3,4,3.666666666666668,9.0,inverse_KAN,in_domain,35.0,41.96184539794922,ok
17000,3,5,3.666666666666668,9.6,inverse_KAN,in_domain,35.0,46.87677764892578,ok
17000,3,6,3.666666666666668,10.2,inverse_KAN,in_domain,35.0,46.87677764892578,ok
17200,3,1,4.000000000000001,7.199999999999999,inverse_KAN,in_domain,35.0,41.96184539794922,ok
17200,3,2,4.000000000000001,7.799999999999999,inverse_KAN,in_domain,35.0,41.96184539794922,ok
17200,3,3,4.000000000000001,8.399999999999999,inverse_KAN,in_domain,35.0,41.96184539794922,ok
17200,3,4,4.000000000000001,9.0,inverse_KAN,in_domain,35.0,41.96184539794922,ok
17200,3,5,4.000000000000001,9.6,inverse_KAN,in_domain,35.0,46.87677764892578,ok
17200,3,6,4.000000000000001,10.2,inverse_KAN,in_domain,35.0,46.87677764892578,ok
17400,3,1,4.333333333333334,7.199999999999999,inverse_KAN,in_domain,35.0,41.96184539794922,ok
17400,3,2,4.333333333333334,7.799999999999999,inverse_KAN,in_domain,35.0,41.96184539794922,ok
17400,3,3,4.333333333333334,8.399999999999999,inverse_KAN,in_domain,35.0,41.96184539794922,ok
17400,3,4,4.333333333333334,9.0,inverse_KAN,in_domain,35.0,41.96184539794922,ok
17400,3,5,4.333333333333334,9.6,inverse_KAN,in_domain,35.0,46.87677764892578,ok
17400,3,6,4.333333333333334,10.2,inverse_KAN,in_domain,35.0,46.87677764892578,ok
17600,3,1,4.666666666666667,7.199999999999999,inverse_KAN,in_domain,35.0,41.96184539794922,ok
17600,3,2,4.666666666666667,7.799999999999999,inverse_KAN,in_domain,35.0,41.96184539794922,ok
17600,3,3,4.666666666666667,8.399999999999999,inverse_KAN,in_domain,35.0,41.96184539794922,ok
17600,3,4,4.666666666666667,9.0,inverse_KAN,in_domain,35.0,41.96184539794922,ok
17600,3,5,4.666666666666667,9.6,inverse_KAN,in_domain,35.0,46.87677764892578,ok
17600,3,6,4.666666666666667,10.2,inverse_KAN,in_domain,35.0,46.87677764892578,ok
17800,3,1,5.0,7.199999999999999,inverse_KAN,in_domain,35.0,41.96184539794922,ok
17800,3,2,5.0,7.799999999999999,inverse_KAN,in_domain,35.0,41.96184539794922,ok
17800,3,3,5.0,8.399999999999999,inverse_KAN,in_domain,35.0,41.96184539794922,ok
17800,3,4,5.0,9.0,inverse_KAN,in_domain,35.0,41.96184539794922,ok
17800,3,5,5.0,9.6,inverse_KAN,in_domain,35.0,46.87677764892578,ok
17800,3,6,5.0,10.2,inverse_KAN,in_domain,35.0,46.87677764892578,ok
18000,3,1,5.333333333333333,7.199999999999999,inverse_KAN,in_domain,35.0,41.96184539794922,ok
18000,3,2,5.333333333333333,7.799999999999999,inverse_KAN,in_domain,35.0,41.96184539794922,ok
18000,3,3,5.333333333333333,8.399999999999999,inverse_KAN,in_domain,35.0,41.96184539794922,ok
18000,3,4,5.333333333333333,9.0,inverse_KAN,in_domain,35.0,41.96184539794922,ok
18000,3,5,5.333333333333333,9.6,inverse_KAN,in_domain,35.0,46.87677764892578,ok
18000,3,6,5.333333333333333,10.2,inverse_KAN,in_domain,35.0,46.87677764892578,ok
18200,3,1,5.666666666666666,7.199999999999999,inverse_KAN,in_domain,35.0,41.96184539794922,ok
18200,3,2,5.666666666666666,7.799999999999999,inverse_KAN,in_domain,35.0,41.96184539794922,ok
18200,3,3,5.666666666666666,8.399999999999999,inverse_KAN,in_domain,35.0,41.96184539794922,ok
18200,3,4,5.666666666666666,9.0,inverse_KAN,in_domain,35.0,41.96184539794922,ok
18200,3,5,5.666666666666666,9.6,inverse_KAN,in_domain,35.0,46.87677764892578,ok
18200,3,6,5.666666666666666,10.2,inverse_KAN,in_domain,35.0,46.87677764892578,ok
18400,3,1,5.999999999999999,7.199999999999999,inverse_KAN,in_domain,35.0,41.96184539794922,ok
18400,3,2,5.999999999999999,7.799999999999999,inverse_KAN,in_domain,35.0,41.96184539794922,ok
18400,3,3,5.999999999999999,8.399999999999999,inverse_KAN,in_domain,35.0,41.96184539794922,ok
18400,3,4,5.999999999999999,9.0,inverse_KAN,in_domain,35.0,41.96184539794922,ok
18400,3,5,5.999999999999999,9.6,inverse_KAN,in_domain,35.0,46.87677764892578,ok
18400,3,6,5.999999999999999,10.2,inverse_KAN,in_domain,35.0,46.87677764892578,ok
18600,3,1,6.333333333333332,7.199999999999999,inverse_KAN,in_domain,50.0,38.875450134277344,ok
18600,3,2,6.333333333333332,7.799999999999999,inverse_KAN,in_domain,50.0,38.875450134277344,ok
18600,3,3,6.333333333333332,8.399999999999999,inverse_KAN,in_domain,50.0,38.875450134277344,ok
18600,3,4,6.333333333333332,9.0,inverse_KAN,in_domain,50.0,38.875450134277344,ok
18600,3,5,6.333333333333332,9.6,inverse_KAN,in_domain,50.0,51.19658660888672,ok
18600,3,6,6.333333333333332,10.2,inverse_KAN,in_domain,50.0,51.19658660888672,ok
18800,3,1,6.666666666666665,7.199999999999999,inverse_KAN,in_domain,50.0,38.875450134277344,ok
18800,3,2,6.666666666666665,7.799999999999999,inverse_KAN,in_domain,50.0,38.875450134277344,ok
18800,3,3,6.666666666666665,8.399999999999999,inverse_KAN,in_domain,50.0,38.875450134277344,ok
18800,3,4,6.666666666666665,9.0,inverse_KAN,in_domain,50.0,38.875450134277344,ok
18800,3,5,6.666666666666665,9.6,inverse_KAN,in_domain,50.0,51.19658660888672,ok
18800,3,6,6.666666666666665,10.2,inverse_KAN,in_domain,50.0,51.19658660888672,ok
19000,3,1,6.999999999999998,7.199999999999999,inverse_KAN,in_domain,50.0,38.875450134277344,ok
19000,3,2,6.999999999999998,7.799999999999999,inverse_KAN,in_domain,50.0,38.875450134277344,ok
19000,3,3,6.999999999999998,8.399999999999999,inverse_KAN,in_domain,50.0,38.875450134277344,ok
19000,3,4,6.999999999999998,9.0,inverse_KAN,in_domain,50.0,38.875450134277344,ok
19000,3,5,6.999999999999998,9.6,inverse_KAN,in_domain,50.0,51.19658660888672,ok
19000,3,6,6.999999999999998,10.2,inverse_KAN,in_domain,50.0,51.19658660888672,ok
19200,3,1,7.333333333333331,7.199999999999999,inverse_KAN,in_domain,50.0,38.875450134277344,ok
19200,3,2,7.333333333333331,7.799999999999999,inverse_KAN,in_domain,50.0,38.875450134277344,ok
19200,3,3,7.333333333333331,8.399999999999999,inverse_KAN,in_domain,50.0,38.875450134277344,ok
19200,3,4,7.333333333333331,9.0,inverse_KAN,in_domain,50.0,38.875450134277344,ok
19200,3,5,7.333333333333331,9.6,inverse_KAN,in_domain,50.0,51.19658660888672,ok
19200,3,6,7.333333333333331,10.2,inverse_KAN,in_domain,50.0,51.19658660888672,ok
19400,3,1,7.666666666666664,7.199999999999999,inverse_KAN,in_domain,50.0,38.875450134277344,ok
19400,3,2,7.666666666666664,7.799999999999999,inverse_KAN,in_domain,50.0,38.875450134277344,ok
19400,3,3,7.666666666666664,8.399999999999999,inverse_KAN,in_domain,50.0,38.875450134277344,ok
19400,3,4,7.666666666666664,9.0,inverse_KAN,in_domain,50.0,38.875450134277344,ok
19400,3,5,7.666666666666664,9.6,inverse_KAN,in_domain,50.0,51.19658660888672,ok
19400,3,6,7.666666666666664,10.2,inverse_KAN,in_domain,50.0,51.19658660888672,ok
19600,3,1,7.999999999999997,7.199999999999999,inverse_KAN,in_domain,50.0,38.875450134277344,ok
19600,3,2,7.999999999999997,7.799999999999999,inverse_KAN,in_domain,50.0,38.875450134277344,ok
19600,3,3,7.999999999999997,8.399999999999999,inverse_KAN,in_domain,50.0,38.875450134277344,ok
19600,3,4,7.999999999999997,9.0,inverse_KAN,in_domain,50.0,38.875450134277344,ok
19600,3,5,7.999999999999997,9.6,inverse_KAN,in_domain,50.0,51.19658660888672,ok
19600,3,6,7.999999999999997,10.2,inverse_KAN,in_domain,50.0,51.19658660888672,ok
19800,3,1,8.33333333333333,7.199999999999999,inverse_KAN,in_domain,50.0,38.875450134277344,ok
19800,3,2,8.33333333333333,7.799999999999999,inverse_KAN,in_domain,50.0,38.875450134277344,ok
19800,3,3,8.33333333333333,8.399999999999999,inverse_KAN,in_domain,50.0,38.875450134277344,ok
19800,3,4,8.33333333333333,9.0,inverse_KAN,in_domain,50.0,38.875450134277344,ok
19800,3,5,8.33333333333333,9.6,inverse_KAN,in_domain,50.0,51.19658660888672,ok
19800,3,6,8.33333333333333,10.2,inverse_KAN,in_domain,50.0,51.19658660888672,ok
20000,3,1,8.666666666666664,7.199999999999999,inverse_KAN,in_domain,50.0,38.875450134277344,ok
20000,3,2,8.666666666666664,7.799999999999999,inverse_KAN,in_domain,50.0,38.875450134277344,ok
20000,3,3,8.666666666666664,8.399999999999999,inverse_KAN,in_domain,50.0,38.875450134277344,ok
20000,3,4,8.666666666666664,9.0,inverse_KAN,in_domain,50.0,38.875450134277344,ok
20000,3,5,8.666666666666664,9.6,inverse_KAN,in_domain,50.0,51.19658660888672,ok
20000,3,6,8.666666666666664,10.2,inverse_KAN,in_domain,50.0,51.19658660888672,ok
20200,3,1,8.999999999999998,7.199999999999999,inverse_KAN,in_domain,50.0,38.875450134277344,ok
20200,3,2,8.999999999999998,7.799999999999999,inverse_KAN,in_domain,50.0,38.875450134277344,ok
20200,3,3,8.999999999999998,8.399999999999999,inverse_KAN,in_domain,50.0,38.875450134277344,ok
20200,3,4,8.999999999999998,9.0,inverse_KAN,in_domain,50.0,38.875450134277344,ok
20200,3,5,8.999999999999998,9.6,inverse_KAN,in_domain,50.0,51.19658660888672,ok
20200,3,6,8.999999999999998,10.2,inverse_KAN,in_domain,50.0,51.19658660888672,ok
20400,3,1,9.333333333333332,7.199999999999999,inverse_KAN,in_domain,50.0,48.51990509033203,ok
20400,3,2,9.333333333333332,7.799999999999999,inverse_KAN,in_domain,50.0,48.51990509033203,ok
20400,3,3,9.333333333333332,8.399999999999999,inverse_KAN,in_domain,50.0,48.51990509033203,ok
20400,3,4,9.333333333333332,9.0,inverse_KAN,in_domain,50.0,48.51990509033203,ok
20400,3,5,9.333333333333332,9.6,inverse_MLP,mass_extrapolation,50.0,67.03309631347656,ok
20400,3,6,9.333333333333332,10.2,inverse_MLP,mass_extrapolation,50.0,67.03309631347656,ok
20600,3,1,9.666666666666666,7.199999999999999,inverse_KAN,in_domain,50.0,48.51990509033203,ok
20600,3,2,9.666666666666666,7.799999999999999,inverse_KAN,in_domain,50.0,48.51990509033203,ok
20600,3,3,9.666666666666666,8.399999999999999,inverse_KAN,in_domain,50.0,48.51990509033203,ok
20600,3,4,9.666666666666666,9.0,inverse_KAN,in_domain,50.0,48.51990509033203,ok
20600,3,5,9.666666666666666,9.6,inverse_MLP,mass_extrapolation,50.0,67.03309631347656,ok
20600,3,6,9.666666666666666,10.2,inverse_MLP,mass_extrapolation,50.0,67.03309631347656,ok
20800,3,1,10.0,7.199999999999999,inverse_KAN,in_domain,50.0,48.51990509033203,ok
20800,3,2,10.0,7.799999999999999,inverse_KAN,in_domain,50.0,48.51990509033203,ok
20800,3,3,10.0,8.399999999999999,inverse_KAN,in_domain,50.0,48.51990509033203,ok
20800,3,4,10.0,9.0,inverse_KAN,in_domain,50.0,48.51990509033203,ok
20800,3,5,10.0,9.6,inverse_MLP,mass_extrapolation,50.0,67.03309631347656,ok
20800,3,6,10.0,10.2,inverse_MLP,mass_extrapolation,50.0,67.03309631347656,ok
21000,3,1,10.333333333333334,7.199999999999999,inverse_KAN,in_domain,50.0,48.51990509033203,ok
21000,3,2,10.333333333333334,7.799999999999999,inverse_KAN,in_domain,50.0,48.51990509033203,ok
21000,3,3,10.333333333333334,8.399999999999999,inverse_KAN,in_domain,50.0,48.51990509033203,ok
21000,3,4,10.333333333333334,9.0,inverse_KAN,in_domain,50.0,48.51990509033203,ok
21000,3,5,10.333333333333334,9.6,inverse_MLP,mass_extrapolation,50.0,67.03309631347656,ok
21000,3,6,10.333333333333334,10.2,inverse_MLP,mass_extrapolation,50.0,67.03309631347656,ok
21200,3,1,10.666666666666668,7.199999999999999,inverse_KAN,in_domain,50.0,48.51990509033203,ok
21200,3,2,10.666666666666668,7.799999999999999,inverse_KAN,in_domain,50.0,48.51990509033203,ok
21200,3,3,10.666666666666668,8.399999999999999,inverse_KAN,in_domain,50.0,48.51990509033203,ok
21200,3,4,10.666666666666668,9.0,inverse_KAN,in_domain,50.0,48.51990509033203,ok
21200,3,5,10.666666666666668,9.6,inverse_MLP,mass_extrapolation,50.0,67.03309631347656,ok
21200,3,6,10.666666666666668,10.2,inverse_MLP,mass_extrapolation,50.0,67.03309631347656,ok
21400,3,1,11.000000000000002,7.199999999999999,inverse_KAN,in_domain,50.0,48.51990509033203,ok
21400,3,2,11.000000000000002,7.799999999999999,inverse_KAN,in_domain,50.0,48.51990509033203,ok
21400,3,3,11.000000000000002,8.399999999999999,inverse_KAN,in_domain,50.0,48.51990509033203,ok
21400,3,4,11.000000000000002,9.0,inverse_KAN,in_domain,50.0,48.51990509033203,ok
21400,3,5,11.000000000000002,9.6,inverse_MLP,mass_extrapolation,50.0,67.03309631347656,ok
21400,3,6,11.000000000000002,10.2,inverse_MLP,mass_extrapolation,50.0,67.03309631347656,ok
21600,3,1,11.333333333333336,7.199999999999999,inverse_KAN,in_domain,50.0,48.51990509033203,ok
21600,3,2,11.333333333333336,7.799999999999999,inverse_KAN,in_domain,50.0,48.51990509033203,ok
21600,3,3,11.333333333333336,8.399999999999999,inverse_KAN,in_domain,50.0,48.51990509033203,ok
21600,3,4,11.333333333333336,9.0,inverse_KAN,in_domain,50.0,48.51990509033203,ok
21600,3,5,11.333333333333336,9.6,inverse_MLP,mass_extrapolation,50.0,67.03309631347656,ok
21600,3,6,11.333333333333336,10.2,inverse_MLP,mass_extrapolation,50.0,67.03309631347656,ok
21800,3,1,11.66666666666667,7.199999999999999,inverse_KAN,in_domain,50.0,48.51990509033203,ok
21800,3,2,11.66666666666667,7.799999999999999,inverse_KAN,in_domain,50.0,48.51990509033203,ok
21800,3,3,11.66666666666667,8.399999999999999,inverse_KAN,in_domain,50.0,48.51990509033203,ok
21800,3,4,11.66666666666667,9.0,inverse_KAN,in_domain,50.0,48.51990509033203,ok
21800,3,5,11.66666666666667,9.6,inverse_MLP,mass_extrapolation,50.0,67.03309631347656,ok
21800,3,6,11.66666666666667,10.2,inverse_MLP,mass_extrapolation,50.0,67.03309631347656,ok
22000,3,1,12.0,7.199999999999999,inverse_KAN,in_domain,50.0,48.51990509033203,ok
22000,3,2,12.0,7.799999999999999,inverse_KAN,in_domain,50.0,48.51990509033203,ok
22000,3,3,12.0,8.399999999999999,inverse_KAN,in_domain,50.0,48.51990509033203,ok
22000,3,4,12.0,9.0,inverse_KAN,in_domain,50.0,48.51990509033203,ok
22000,3,5,12.0,9.6,inverse_MLP,mass_extrapolation,50.0,67.03309631347656,ok
22000,3,6,12.0,10.2,inverse_MLP,mass_extrapolation,50.0,67.03309631347656,ok
22200,4,1,12.0,10.799999999999999,inverse_MLP,mass_extrapolation,50.0,67.03309631347656,ok
22200,4,2,12.0,11.399999999999999,inverse_MLP,mass_extrapolation,50.0,67.03309631347656,ok
22200,4,3,12.0,11.999999999999998,inverse_MLP,mass_extrapolation,50.0,67.03309631347656,ok
22200,4,4,12.0,12.6,none,out_of_field,0.0,0.0,out_of_field
22200,4,5,12.0,13.2,none,out_of_field,0.0,0.0,out_of_field
22200,4,6,12.0,13.799999999999999,none,out_of_field,0.0,0.0,out_of_field
22400,4,1,11.666666666666666,10.799999999999999,inverse_MLP,mass_extrapolation,50.0,67.03309631347656,ok
22400,4,2,11.666666666666666,11.399999999999999,inverse_MLP,mass_extrapolation,50.0,67.03309631347656,ok
22400,4,3,11.666666666666666,11.999999999999998,inverse_MLP,mass_extrapolation,50.0,67.03309631347656,ok
22400,4,4,11.666666666666666,12.6,none,out_of_field,0.0,0.0,out_of_field
22400,4,5,11.666666666666666,13.2,none,out_of_field,0.0,0.0,out_of_field
22400,4,6,11.666666666666666,13.799999999999999,none,out_of_field,0.0,0.0,out_of_field
22600,4,1,11.333333333333332,10.799999999999999,inverse_MLP,mass_extrapolation,50.0,67.03309631347656,ok
22600,4,2,11.333333333333332,11.399999999999999,inverse_MLP,mass_extrapolation,50.0,67.03309631347656,ok
22600,4,3,11.333333333333332,11.999999999999998,inverse_MLP,mass_extrapolation,50.0,67.03309631347656,ok
22600,4,4,11.333333333333332,12.6,none,out_of_field,0.0,0.0,out_of_field
22600,4,5,11.333333333333332,13.2,none,out_of_field,0.0,0.0,out_of_field
22600,4,6,11.333333333333332,13.799999999999999,none,out_of_field,0.0,0.0,out_of_field
22800,4,1,10.999999999999998,10.799999999999999,inverse_MLP,mass_extrapolation,50.0,67.03309631347656,ok
22800,4,2,10.999999999999998,11.399999999999999,inverse_MLP,mass_extrapolation,50.0,67.03309631347656,ok
22800,4,3,10.999999999999998,11.999999999999998,inverse_MLP,mass_extrapolation,50.0,67.03309631347656,ok
22800,4,4,10.999999999999998,12.6,none,out_of_field,0.0,0.0,out_of_field
22800,4,5,10.999999999999998,13.2,none,out_of_field,0.0,0.0,out_of_field
22800,4,6,10.999999999999998,13.799999999999999,none,out_of_field,0.0,0.0,out_of_field
23000,4,1,10.666666666666664,10.799999999999999,inverse_MLP,mass_extrapolation,50.0,67.03309631347656,ok
23000,4,2,10.666666666666664,11.399999999999999,inverse_MLP,mass_extrapolation,50.0,67.03309631347656,ok
23000,4,3,10.666666666666664,11.999999999999998,inverse_MLP,mass_extrapolation,50.0,67.03309631347656,ok
23000,4,4,10.666666666666664,12.6,none,out_of_field,0.0,0.0,out_of_field
23000,4,5,10.666666666666664,13.2,none,out_of_field,0.0,0.0,out_of_field
23000,4,6,10.666666666666664,13.799999999999999,none,out_of_field,0.0,0.0,out_of_field
23200,4,1,10.33333333333333,10.799999999999999,inverse_MLP,mass_extrapolation,50.0,67.03309631347656,ok
23200,4,2,10.33333333333333,11.399999999999999,inverse_MLP,mass_extrapolation,50.0,67.03309631347656,ok
23200,4,3,10.33333333333333,11.999999999999998,inverse_MLP,mass_extrapolation,50.0,67.03309631347656,ok
23200,4,4,10.33333333333333,12.6,none,out_of_field,0.0,0.0,out_of_field
23200,4,5,10.33333333333333,13.2,none,out_of_field,0.0,0.0,out_of_field
23200,4,6,10.33333333333333,13.799999999999999,none,out_of_field,0.0,0.0,out_of_field
23400,4,1,9.999999999999996,10.799999999999999,inverse_MLP,mass_extrapolation,50.0,67.03309631347656,ok
23400,4,2,9.999999999999996,11.399999999999999,inverse_MLP,mass_extrapolation,50.0,67.03309631347656,ok
23400,4,3,9.999999999999996,11.999999999999998,inverse_MLP,mass_extrapolation,50.0,67.03309631347656,ok
23400,4,4,9.999999999999996,12.6,none,out_of_field,0.0,0.0,out_of_field
23400,4,5,9.999999999999996,13.2,none,out_of_field,0.0,0.0,out_of_field
23400,4,6,9.999999999999996,13.799999999999999,none,out_of_field,0.0,0.0,out_of_field
23600,4,1,9.666666666666663,10.799999999999999,inverse_MLP,mass_extrapolation,50.0,67.03309631347656,ok
23600,4,2,9.666666666666663,11.399999999999999,inverse_MLP,mass_extrapolation,50.0,67.03309631347656,ok
23600,4,3,9.666666666666663,11.999999999999998,inverse_MLP,mass_extrapolation,50.0,67.03309631347656,ok
23600,4,4,9.666666666666663,12.6,none,out_of_field,0.0,0.0,out_of_field
23600,4,5,9.666666666666663,13.2,none,out_of_field,0.0,0.0,out_of_field
23600,4,6,9.666666666666663,13.799999999999999,none,out_of_field,0.0,0.0,out_of_field
23800,4,1,9.333333333333329,10.799999999999999,inverse_MLP,mass_extrapolation,50.0,67.03309631347656,ok
23800,4,2,9.333333333333329,11.399999999999999,inverse_MLP,mass_extrapolation,50.0,67.03309631347656,ok
23800,4,3,9.333333333333329,11.999999999999998,inverse_MLP,mass_extrapolation,50.0,67.03309631347656,ok
23800,4,4,9.333333333333329,12.6,none,out_of_field,0.0,0.0,out_of_field
23800,4,5,9.333333333333329,13.2,none,out_of_field,0.0,0.0,out_of_field
23800,4,6,9.333333333333329,13.799999999999999,none,out_of_field,0.0,0.0,out_of_field
24000,4,1,8.999999999999995,10.799999999999999,inverse_KAN,in_domain,50.0,51.19658660888672,ok
24000,4,2,8.999999999999995,11.399999999999999,inverse_KAN,in_domain,50.0,51.19658660888672,ok
24000,4,3,8.999999999999995,11.999999999999998,inverse_KAN,in_domain,50.0,51.19658660888672,ok
24000,4,4,8.999999999999995,12.6,none,out_of_field,0.0,0.0,out_of_field
24000,4,5,8.999999999999995,13.2,none,out_of_field,0.0,0.0,out_of_field
24000,4,6,8.999999999999995,13.799999999999999,none,out_of_field,0.0,0.0,out_of_field
24200,4,1,8.66666666666666,10.799999999999999,inverse_KAN,in_domain,50.0,51.19658660888672,ok
24200,4,2,8.66666666666666,11.399999999999999,inverse_KAN,in_domain,50.0,51.19658660888672,ok
24200,4,3,8.66666666666666,11.999999999999998,inverse_KAN,in_domain,50.0,51.19658660888672,ok
24200,4,4,8.66666666666666,12.6,none,out_of_field,0.0,0.0,out_of_field
24200,4,5,8.66666666666666,13.2,none,out_of_field,0.0,0.0,out_of_field
24200,4,6,8.66666666666666,13.799999999999999,none,out_of_field,0.0,0.0,out_of_field
24400,4,1,8.333333333333327,10.799999999999999,inverse_KAN,in_domain,50.0,51.19658660888672,ok
24400,4,2,8.333333333333327,11.399999999999999,inverse_KAN,in_domain,50.0,51.19658660888672,ok
24400,4,3,8.333333333333327,11.999999999999998,inverse_KAN,in_domain,50.0,51.19658660888672,ok
24400,4,4,8.333333333333327,12.6,none,out_of_field,0.0,0.0,out_of_field
24400,4,5,8.333333333333327,13.2,none,out_of_field,0.0,0.0,out_of_field
24400,4,6,8.333333333333327,13.799999999999999,none,out_of_field,0.0,0.0,out_of_field
24600,4,1,7.999999999999994,10.799999999999999,inverse_KAN,in_domain,50.0,51.19658660888672,ok
24600,4,2,7.999999999999994,11.399999999999999,inverse_KAN,in_domain,50.0,51.19658660888672,ok
24600,4,3,7.999999999999994,11.999999999999998,inverse_KAN,in_domain,50.0,51.19658660888672,ok
24600,4,4,7.999999999999994,12.6,none,out_of_field,0.0,0.0,out_of_field
24600,4,5,7.999999999999994,13.2,none,out_of_field,0.0,0.0,out_of_field
24600,4,6,7.999999999999994,13.799999999999999,none,out_of_field,0.0,0.0,out_of_field
24800,4,1,7.666666666666661,10.799999999999999,inverse_KAN,in_domain,50.0,51.19658660888672,ok
24800,4,2,7.666666666666661,11.399999999999999,inverse_KAN,in_domain,50.0,51.19658660888672,ok
24800,4,3,7.666666666666661,11.999999999999998,inverse_KAN,in_domain,50.0,51.19658660888672,ok
24800,4,4,7.666666666666661,12.6,none,out_of_field,0.0,0.0,out_of_field
24800,4,5,7.666666666666661,13.2,none,out_of_field,0.0,0.0,out_of_field
24800,4,6,7.666666666666661,13.799999999999999,none,out_of_field,0.0,0.0,out_of_field
25000,4,1,7.333333333333328,10.799999999999999,inverse_KAN,in_domain,50.0,51.19658660888672,ok
25000,4,2,7.333333333333328,11.399999999999999,inverse_KAN,in_domain,50.0,51.19658660888672,ok
25000,4,3,7.333333333333328,11.999999999999998,inverse_KAN,in_domain,50.0,51.19658660888672,ok
25000,4,4,7.333333333333328,12.6,none,out_of_field,0.0,0.0,out_of_field
25000,4,5,7.333333333333328,13.2,none,out_of_field,0.0,0.0,out_of_field
25000,4,6,7.333333333333328,13.799999999999999,none,out_of_field,0.0,0.0,out_of_field
25200,4,1,6.999999999999995,10.799999999999999,inverse_KAN,in_domain,50.0,51.19658660888672,ok
25200,4,2,6.999999999999995,11.399999999999999,inverse_KAN,in_domain,50.0,51.19658660888672,ok
25200,4,3,6.999999999999995,11.999999999999998,inverse_KAN,in_domain,50.0,51.19658660888672,ok
25200,4,4,6.999999999999995,12.6,none,out_of_field,0.0,0.0,out_of_field
25200,4,5,6.999999999999995,13.2,none,out_of_field,0.0,0.0,out_of_field
25200,4,6,6.999999999999995,13.799999999999999,none,out_of_field,0.0,0.0,out_of_field
25400,4,1,6.666666666666662,10.799999999999999,inverse_KAN,in_domain,50.0,51.19658660888672,ok
25400,4,2,6.666666666666662,11.399999999999999,inverse_KAN,in_domain,50.0,51.19658660888672,ok
25400,4,3,6.666666666666662,11.999999999999998,inverse_KAN,in_domain,50.0,51.19658660888672,ok
25400,4,4,6.666666666666662,12.6,none,out_of_field,0.0,0.0,out_of_field
25400,4,5,6.666666666666662,13.2,none,out_of_field,0.0,0.0,out_of_field
25400,4,6,6.666666666666662,13.799999999999999,none,out_of_field,0.0,0.0,out_of_field
25600,4,1,6.333333333333329,10.799999999999999,inverse_KAN,in_domain,50.0,51.19658660888672,ok
25600,4,2,6.333333333333329,11.399999999999999,inverse_KAN,in_domain,50.0,51.19658660888672,ok
25600,4,3,6.333333333333329,11.999999999999998,inverse_KAN,in_domain,50.0,51.19658660888672,ok
25600,4,4,6.333333333333329,12.6,none,out_of_field,0.0,0.0,out_of_field
25600,4,5,6.333333333333329,13.2,none,out_of_field,0.0,0.0,out_of_field
25600,4,6,6.333333333333329,13.799999999999999,none,out_of_field,0.0,0.0,out_of_field
25800,4,1,5.999999999999996,10.799999999999999,inverse_KAN,in_domain,35.0,46.87677764892578,ok
25800,4,2,5.999999999999996,11.399999999999999,inverse_KAN,in_domain,35.0,46.87677764892578,ok
25800,4,3,5.999999999999996,11.999999999999998,inverse_KAN,in_domain,35.0,46.87677764892578,ok
25800,4,4,5.999999999999996,12.6,none,out_of_field,0.0,0.0,out_of_field
25800,4,5,5.999999999999996,13.2,none,out_of_field,0.0,0.0,out_of_field
25800,4,6,5.999999999999996,13.799999999999999,none,out_of_field,0.0,0.0,out_of_field
26000,4,1,5.6666666666666625,10.799999999999999,inverse_KAN,in_domain,35.0,46.87677764892578,ok
26000,4,2,5.6666666666666625,11.399999999999999,inverse_KAN,in_domain,35.0,46.87677764892578,ok
26000,4,3,5.6666666666666625,11.999999999999998,inverse_KAN,in_domain,35.0,46.87677764892578,ok
26000,4,4,5.6666666666666625,12.6,none,out_of_field,0.0,0.0,out_of_field
26000,4,5,5.6666666666666625,13.2,none,out_of_field,0.0,0.0,out_of_field
26000,4,6,5.6666666666666625,13.799999999999999,none,out_of_field,0.0,0.0,out_of_field
26200,4,1,5.3333333333333295,10.799999999999999,inverse_KAN,in_domain,35.0,46.87677764892578,ok
26200,4,2,5.3333333333333295,11.399999999999999,inverse_KAN,in_domain,35.0,46.87677764892578,ok
26200,4,3,5.3333333333333295,11.999999999999998,inverse_KAN,in_domain,35.0,46.87677764892578,ok
26200,4,4,5.3333333333333295,12.6,none,out_of_field,0.0,0.0,out_of_field
26200,4,5,5.3333333333333295,13.2,none,out_of_field,0.0,0.0,out_of_field
26200,4,6,5.3333333333333295,13.799999999999999,none,out_of_field,0.0,0.0,out_of_field
26400,4,1,4.9999999999999964,10.799999999999999,inverse_KAN,in_domain,35.0,46.87677764892578,ok
26400,4,2,4.9999999999999964,11.399999999999999,inverse_KAN,in_domain,35.0,46.87677764892578,ok
26400,4,3,4.9999999999999964,11.999999999999998,inverse_KAN,in_domain,35.0,46.87677764892578,ok
26400,4,4,4.9999999999999964,12.6,none,out_of_field,0.0,0.0,out_of_field
26400,4,5,4.9999999999999964,13.2,none,out_of_field,0.0,0.0,out_of_field
26400,4,6,4.9999999999999964,13.799999999999999,none,out_of_field,0.0,0.0,out_of_field
26600,4,1,4.666666666666663,10.799999999999999,inverse_KAN,in_domain,35.0,46.87677764892578,ok
26600,4,2,4.666666666666663,11.399999999999999,inverse_KAN,in_domain,35.0,46.87677764892578,ok
26600,4,3,4.666666666666663,11.999999999999998,inverse_KAN,in_domain,35.0,46.87677764892578,ok
26600,4,4,4.666666666666663,12.6,none,out_of_field,0.0,0.0,out_of_field
26600,4,5,4.666666666666663,13.2,none,out_of_field,0.0,0.0,out_of_field
26600,4,6,4.666666666666663,13.799999999999999,none,out_of_field,0.0,0.0,out_of_field
26800,4,1,4.33333333333333,10.799999999999999,inverse_KAN,in_domain,35.0,46.87677764892578,ok
26800,4,2,4.33333333333333,11.399999999999999,inverse_KAN,in_domain,35.0,46.87677764892578,ok
26800,4,3,4.33333333333333,11.999999999999998,inverse_KAN,in_domain,35.0,46.87677764892578,ok
26800,4,4,4.33333333333333,12.6,none,out_of_field,0.0,0.0,out_of_field
26800,4,5,4.33333333333333,13.2,none,out_of_field,0.0,0.0,out_of_field
26800,4,6,4.33333333333333,13.799999999999999,none,out_of_field,0.0,0.0,out_of_field
27000,4,1,3.999999999999997,10.799999999999999,inverse_KAN,in_domain,35.0,46.87677764892578,ok
27000,4,2,3.999999999999997,11.399999999999999,inverse_KAN,in_domain,35.0,46.87677764892578,ok
27000,4,3,3.999999999999997,11.999999999999998,inverse_KAN,in_domain,35.0,46.87677764892578,ok
27000,4,4,3.999999999999997,12.6,none,out_of_field,0.0,0.0,out_of_field
27000,4,5,3.999999999999997,13.2,none,out_of_field,0.0,0.0,out_of_field
27000,4,6,3.999999999999997,13.799999999999999,none,out_of_field,0.0,0.0,out_of_field
27200,4,1,3.6666666666666634,10.799999999999999,inverse_KAN,in_domain,35.0,46.87677764892578,ok
27200,4,2,3.6666666666666634,11.399999999999999,inverse_KAN,in_domain,35.0,46.87677764892578,ok
27200,4,3,3.6666666666666634,11.999999999999998,inverse_KAN,in_domain,35.0,46.87677764892578,ok
27200,4,4,3.6666666666666634,12.6,none,out_of_field,0.0,0.0,out_of_field
27200,4,5,3.6666666666666634,13.2,none,out_of_field,0.0,0.0,out_of_field
27200,4,6,3.6666666666666634,13.799999999999999,none,out_of_field,0.0,0.0,out_of_field
27400,4,1,3.33333333333333,10.799999999999999,inverse_KAN,in_domain,35.0,46.87677764892578,ok
27400,4,2,3.33333333333333,11.399999999999999,inverse_KAN,in_domain,35.0,46.87677764892578,ok
27400,4,3,3.33333333333333,11.999999999999998,inverse_KAN,in_domain,35.0,46.87677764892578,ok
27400,4,4,3.33333333333333,12.6,none,out_of_field,0.0,0.0,out_of_field
27400,4,5,3.33333333333333,13.2,none,out_of_field,0.0,0.0,out_of_field
27400,4,6,3.33333333333333,13.799999999999999,none,out_of_field,0.0,0.0,out_of_field
27600,4,1,2.9999999999999964,10.799999999999999,inverse_KAN,in_domain,20.0,43.91107940673828,ok
27600,4,2,2.9999999999999964,11.399999999999999,inverse_KAN,in_domain,20.0,43.91107940673828,ok
27600,4,3,2.9999999999999964,11.999999999999998,inverse_KAN,in_domain,20.0,43.91107940673828,ok
27600,4,4,2.9999999999999964,12.6,none,out_of_field,0.0,0.0,out_of_field
27600,4,5,2.9999999999999964,13.2,none,out_of_field,0.0,0.0,out_of_field
27600,4,6,2.9999999999999964,13.799999999999999,none,out_of_field,0.0,0.0,out_of_field
27800,4,1,2.666666666666663,10.799999999999999,inverse_KAN,in_domain,20.0,43.91107940673828,ok
27800,4,2,2.666666666666663,11.399999999999999,inverse_KAN,in_domain,20.0,43.91107940673828,ok
27800,4,3,2.666666666666663,11.999999999999998,inverse_KAN,in_domain,20.0,43.91107940673828,ok
27800,4,4,2.666666666666663,12.6,none,out_of_field,0.0,0.0,out_of_field
27800,4,5,2.666666666666663,13.2,none,out_of_field,0.0,0.0,out_of_field
27800,4,6,2.666666666666663,13.799999999999999,none,out_of_field,0.0,0.0,out_of_field
28000,4,1,2.3333333333333295,10.799999999999999,inverse_KAN,in_domain,20.0,43.91107940673828,ok
28000,4,2,2.3333333333333295,11.399999999999999,inverse_KAN,in_domain,20.0,43.91107940673828,ok
28000,4,3,2.3333333333333295,11.999999999999998,inverse_KAN,in_domain,20.0,43.91107940673828,ok
28000,4,4,2.3333333333333295,12.6,none,out_of_field,0.0,0.0,out_of_field
28000,4,5,2.3333333333333295,13.2,none,out_of_field,0.0,0.0,out_of_field
28000,4,6,2.3333333333333295,13.799999999999999,none,out_of_field,0.0,0.0,out_of_field
28200,4,1,1.999999999999996,10.799999999999999,inverse_KAN,in_domain,20.0,43.91107940673828,ok
28200,4,2,1.999999999999996,11.399999999999999,inverse_KAN,in_domain,20.0,43.91107940673828,ok
28200,4,3,1.999999999999996,11.999999999999998,inverse_KAN,in_domain,20.0,43.91107940673828,ok
28200,4,4,1.999999999999996,12.6,none,out_of_field,0.0,0.0,out_of_field
28200,4,5,1.999999999999996,13.2,none,out_of_field,0.0,0.0,out_of_field
28200,4,6,1.999999999999996,13.799999999999999,none,out_of_field,0.0,0.0,out_of_field
28400,4,1,1.6666666666666625,10.799999999999999,inverse_KAN,in_domain,20.0,43.91107940673828,ok
28400,4,2,1.6666666666666625,11.399999999999999,inverse_KAN,in_domain,20.0,43.91107940673828,ok
28400,4,3,1.6666666666666625,11.999999999999998,inverse_KAN,in_domain,20.0,43.91107940673828,ok
28400,4,4,1.6666666666666625,12.6,none,out_of_field,0.0,0.0,out_of_field
28400,4,5,1.6666666666666625,13.2,none,out_of_field,0.0,0.0,out_of_field
28400,4,6,1.6666666666666625,13.799999999999999,none,out_of_field,0.0,0.0,out_of_field
28600,4,1,1.333333333333329,10.799999999999999,inverse_KAN,in_domain,20.0,43.91107940673828,ok
28600,4,2,1.333333333333329,11.399999999999999,inverse_KAN,in_domain,20.0,43.91107940673828,ok
28600,4,3,1.333333333333329,11.999999999999998,inverse_KAN,in_domain,20.0,43.91107940673828,ok
28600,4,4,1.333333333333329,12.6,none,out_of_field,0.0,0.0,out_of_field
28600,4,5,1.333333333333329,13.2,none,out_of_field,0.0,0.0,out_of_field
28600,4,6,1.333333333333329,13.799999999999999,none,out_of_field,0.0,0.0,out_of_field
28800,4,1,0.9999999999999957,10.799999999999999,inverse_KAN,in_domain,20.0,43.91107940673828,ok
28800,4,2,0.9999999999999957,11.399999999999999,inverse_KAN,in_domain,20.0,43.91107940673828,ok
28800,4,3,0.9999999999999957,11.999999999999998,inverse_KAN,in_domain,20.0,43.91107940673828,ok
28800,4,4,0.9999999999999957,12.6,none,out_of_field,0.0,0.0,out_of_field
28800,4,5,0.9999999999999957,13.2,none,out_of_field,0.0,0.0,out_of_field
28800,4,6,0.9999999999999957,13.799999999999999,none,out_of_field,0.0,0.0,out_of_field
29000,4,1,0.6666666666666623,10.799999999999999,inverse_KAN,in_domain,20.0,43.91107940673828,ok
29000,4,2,0.6666666666666623,11.399999999999999,inverse_KAN,in_domain,20.0,43.91107940673828,ok
29000,4,3,0.6666666666666623,11.999999999999998,inverse_KAN,in_domain,20.0,43.91107940673828,ok
29000,4,4,0.6666666666666623,12.6,none,out_of_field,0.0,0.0,out_of_field
29000,4,5,0.6666666666666623,13.2,none,out_of_field,0.0,0.0,out_of_field
29000,4,6,0.6666666666666623,13.799999999999999,none,out_of_field,0.0,0.0,out_of_field
29200,4,1,0.33333333333332893,10.799999999999999,inverse_KAN,in_domain,20.0,43.91107940673828,ok
29200,4,2,0.33333333333332893,11.399999999999999,inverse_KAN,in_domain,20.0,43.91107940673828,ok
29200,4,3,0.33333333333332893,11.999999999999998,inverse_KAN,in_domain,20.0,43.91107940673828,ok
29200,4,4,0.33333333333332893,12.6,none,out_of_field,0.0,0.0,out_of_field
29200,4,5,0.33333333333332893,13.2,none,out_of_field,0.0,0.0,out_of_field
29200,4,6,0.33333333333332893,13.799999999999999,none,out_of_field,0.0,0.0,out_of_field
29400,4,1,0.0,10.799999999999999,inverse_KAN,in_domain,20.0,43.91107940673828,ok
29400,4,2,0.0,11.399999999999999,inverse_KAN,in_domain,20.0,43.91107940673828,ok
29400,4,3,0.0,11.999999999999998,inverse_KAN,in_domain,20.0,43.91107940673828,ok
29400,4,4,0.0,12.6,none,out_of_field,0.0,0.0,out_of_field
29400,4,5,0.0,13.2,none,out_of_field,0.0,0.0,out_of_field
29400,4,6,0.0,13.799999999999999,none,out_of_field,0.0,0.0,out_of_field
